User_ID,Name,Phone_No,Location,Signup_Date
1,User1,+201686579303,Cairo,2020-04-12
2,User2,+201796233790,Suez,2022-09-30
3,User3,+201239670711,Giza,2021-02-23
4,User4,+201726600539,Mansoura,2020-12-22
5,User5,+201634036506,Alex,2020-05-10
6,User6,+201031994523,Cairo,2022-06-14
7,User7,+201249817734,Mansoura,2020-04-18
8,User8,+201602632297,Giza,2024-09-14
9,User9,+201236696312,Alex,2023-02-13
10,User10,+201869119330,Cairo,2021-10-15
11,User11,+201749621470,Alex,2023-10-25
12,User12,+201298362082,Giza,2022-05-31
13,User13,+201819795579,Suez,2021-02-22
14,User14,+201099585092,Alex,2021-01-31
15,User15,+201385451171,Suez,2022-12-19
16,User16,+201866647391,Cairo,2025-02-24
17,User17,+201575770529,Cairo,2024-03-30
18,User18,+201084611066,Mansoura,2023-04-15
19,User19,+201890566476,Mansoura,2024-01-21
20,User20,+201619927151,Giza,2020-10-11
21,User21,+201049203558,Giza,2023-03-31
22,User22,+201085675980,Giza,2021-02-17
23,User23,+201408157429,Suez,2025-01-31
24,User24,+201682560971,Suez,2021-10-28
25,User25,+201397478786,Suez,2022-05-08
26,User26,+201719595113,Suez,2020-10-19
27,User27,+201654049436,Giza,2025-12-27
28,User28,+201782893941,Giza,2021-10-31
29,User29,+201496348124,Alex,2023-01-10
30,User30,+201993631208,Mansoura,2022-06-18
31,User31,+201735098955,Suez,2020-08-17
32,User32,+201245938494,Cairo,2023-07-16
33,User33,+201430747414,Suez,2020-09-28
34,User34,+201226541099,Mansoura,2023-07-12
35,User35,+201228306011,Alex,2024-06-08
36,User36,+201949921299,Alex,2021-08-08
37,User37,+201284412919,Giza,2022-10-07
38,User38,+201799925830,Mansoura,2022-12-12
39,User39,+201802099969,Mansoura,2024-10-20
40,User40,+201964029981,Mansoura,2024-06-23
41,User41,+201388690725,Giza,2021-07-20
42,User42,+201547099690,Alex,2021-01-07
43,User43,+201811514914,Cairo,2021-03-25
44,User44,+201164112119,Giza,2024-09-25
45,User45,+201640389325,Cairo,2024-04-25
46,User46,+201409760584,Mansoura,2025-04-01
47,User47,+201568132202,Suez,2020-02-17
48,User48,+201730448745,Cairo,2022-12-28
49,User49,+201825276600,Suez,2021-04-01
50,User50,+201315143362,Alex,2021-10-09
51,User51,+201487182120,Cairo,2022-12-14
52,User52,+201537500247,Giza,2025-09-10
53,User53,+201979926683,Cairo,2023-05-07
54,User54,+201903735581,Mansoura,2022-03-25
55,User55,+201164109919,Suez,2021-10-23
56,User56,+201579153816,Mansoura,2020-01-03
57,User57,+201643111853,Suez,2025-06-24
58,User58,+201020912992,Cairo,2024-01-26
59,User59,+201943520428,Suez,2022-09-07
60,User60,+201062196678,Giza,2020-11-18
61,User61,+201091969690,Alex,2020-10-10
62,User62,+201816690353,Mansoura,2021-05-30
63,User63,+201137859287,Alex,2021-11-07
64,User64,+201284602384,Mansoura,2024-09-29
65,User65,+201227416584,Mansoura,2022-04-03
66,User66,+201765523129,Suez,2024-06-22
67,User67,+201721218382,Suez,2024-11-29
68,User68,+201965953266,Mansoura,2025-01-23
69,User69,+201129927269,Giza,2022-07-09
70,User70,+201068747287,Suez,2020-03-27
71,User71,+201631691672,Mansoura,2022-07-31
72,User72,+201631832764,Giza,2020-01-30
73,User73,+201076228245,Cairo,2022-07-26
74,User74,+201072370545,Cairo,2023-09-15
75,User75,+201076082500,Mansoura,2022-09-01
76,User76,+201299012686,Alex,2022-05-27
77,User77,+201578998028,Giza,2025-04-20
78,User78,+201260916298,Alex,2024-07-25
79,User79,+201204451095,Cairo,2021-02-01
80,User80,+201707577342,Alex,2023-12-22
81,User81,+201454814084,Alex,2025-03-27
82,User82,+201927537643,Cairo,2021-02-07
83,User83,+201065082363,Alex,2023-10-21
84,User84,+201859629660,Cairo,2022-10-15
85,User85,+201205718272,Giza,2025-01-11
86,User86,+201150519597,Alex,2022-01-21
87,User87,+201299085574,Alex,2022-10-20
88,User88,+201938972143,Cairo,2024-12-20
89,User89,+201867607278,Mansoura,2021-02-05
90,User90,+201054318806,Mansoura,2020-03-01
91,User91,+201100140141,Giza,2021-11-12
92,User92,+201436383774,Alex,2025-05-25
93,User93,+201229509408,Alex,2020-08-28
94,User94,+201176777762,Alex,2020-01-09
95,User95,+201419212169,Suez,2025-02-06
96,User96,+201306284028,Alex,2025-06-16
97,User97,+201166211829,Giza,2023-04-30
98,User98,+201233754555,Cairo,2020-09-06
99,User99,+201803132646,Suez,2020-08-22
100,User100,+201053839920,Mansoura,2025-05-06
101,User101,+201539931481,Mansoura,2021-10-06
102,User102,+201061073976,Mansoura,2020-11-24
103,User103,+201914122100,Giza,2020-10-07
104,User104,+201638914080,Cairo,2022-08-21
105,User105,+201433550699,Cairo,2022-10-05
106,User106,+201621609600,Mansoura,2020-06-11
107,User107,+201665055833,Cairo,2024-09-13
108,User108,+201705849060,Mansoura,2025-11-11
109,User109,+201339699535,Suez,2022-04-16
110,User110,+201719112790,Suez,2022-09-04
111,User111,+201285201412,Alex,2021-06-20
112,User112,+201721221887,Suez,2025-02-15
113,User113,+201339492674,Cairo,2020-02-08
114,User114,+201492080329,Mansoura,2021-02-13
115,User115,+201078663096,Mansoura,2022-05-23
116,User116,+201543189555,Suez,2021-06-26
117,User117,+201374745382,Cairo,2022-09-27
118,User118,+201396776692,Suez,2021-10-08
119,User119,+201470497096,Mansoura,2023-05-24
120,User120,+201656783995,Mansoura,2020-02-02
121,User121,+201717112652,Mansoura,2023-05-11
122,User122,+201712308209,Cairo,2021-07-04
123,User123,+201283968123,Cairo,2021-03-14
124,User124,+201797163846,Mansoura,2021-09-28
125,User125,+201292431670,Suez,2022-05-12
126,User126,+201770530217,Suez,2022-04-13
127,User127,+201738194420,Suez,2025-09-01
128,User128,+201524557080,Suez,2020-07-27
129,User129,+201099104722,Alex,2023-02-07
130,User130,+201047337803,Cairo,2023-09-28
131,User131,+201827982963,Giza,2022-12-08
132,User132,+201173497327,Alex,2024-10-17
133,User133,+201602269164,Cairo,2021-04-03
134,User134,+201080792472,Giza,2020-05-27
135,User135,+201896139578,Suez,2021-08-29
136,User136,+201461479973,Giza,2020-06-20
137,User137,+201330989881,Suez,2020-06-12
138,User138,+201965212976,Suez,2022-05-10
139,User139,+201732363533,Giza,2021-02-25
140,User140,+201379759538,Mansoura,2024-07-22
141,User141,+201666430218,Giza,2022-08-27
142,User142,+201928363301,Giza,2021-12-26
143,User143,+201946413444,Alex,2020-04-11
144,User144,+201192587044,Suez,2024-08-13
145,User145,+201861393416,Giza,2022-12-28
146,User146,+201170937380,Cairo,2024-04-15
147,User147,+201936481956,Cairo,2025-04-11
148,User148,+201238836384,Giza,2025-02-28
149,User149,+201375442872,Suez,2022-07-21
150,User150,+201239362341,Cairo,2022-03-02
151,User151,+201427849588,Suez,2023-02-15
152,User152,+201928091906,Cairo,2023-02-17
153,User153,+201377040284,Mansoura,2024-06-25
154,User154,+201729627019,Mansoura,2023-09-18
155,User155,+201029635852,Cairo,2022-12-05
156,User156,+201191735734,Mansoura,2022-12-23
157,User157,+201041078352,Cairo,2024-11-14
158,User158,+201371178705,Suez,2024-11-22
159,User159,+201650911797,Mansoura,2021-04-18
160,User160,+201413600440,Mansoura,2022-02-17
161,User161,+201273506211,Cairo,2024-11-21
162,User162,+201001815992,Mansoura,2022-03-18
163,User163,+201391079829,Alex,2020-10-13
164,User164,+201713219781,Suez,2023-07-09
165,User165,+201712306873,Cairo,2023-05-15
166,User166,+201544518647,Suez,2024-07-30
167,User167,+201350236225,Alex,2023-04-26
168,User168,+201595295870,Giza,2022-02-24
169,User169,+201451450815,Alex,2021-12-13
170,User170,+201660904107,Mansoura,2023-05-17
171,User171,+201436019893,Mansoura,2020-01-02
172,User172,+201326283245,Suez,2022-05-10
173,User173,+201461588882,Mansoura,2023-08-12
174,User174,+201499277266,Alex,2024-12-16
175,User175,+201725449223,Giza,2025-09-24
176,User176,+201508079792,Giza,2020-12-13
177,User177,+201304713332,Mansoura,2023-10-04
178,User178,+201100273738,Giza,2023-06-25
179,User179,+201241206079,Giza,2021-08-26
180,User180,+201026226563,Cairo,2022-09-29
181,User181,+201510173760,Mansoura,2020-10-25
182,User182,+201488999385,Alex,2022-03-07
183,User183,+201771318048,Alex,2025-07-17
184,User184,+201429123992,Giza,2021-08-27
185,User185,+201704436922,Cairo,2021-03-12
186,User186,+201835822550,Alex,2022-06-15
187,User187,+201188856883,Mansoura,2025-03-17
188,User188,+201053921577,Mansoura,2022-10-17
189,User189,+201985125921,Cairo,2025-02-12
190,User190,+201143171768,Alex,2025-12-15
191,User191,+201600141462,Mansoura,2023-07-23
192,User192,+201810943524,Alex,2025-08-29
193,User193,+201458209399,Mansoura,2024-12-31
194,User194,+201963369870,Giza,2025-04-28
195,User195,+201483258726,Suez,2022-10-09
196,User196,+201901795907,Suez,2025-11-05
197,User197,+201520332086,Giza,2023-01-29
198,User198,+201472309605,Cairo,2023-03-16
199,User199,+201251785565,Suez,2023-10-07
200,User200,+201343285529,Mansoura,2020-11-26
201,User201,+201148578017,Giza,2022-08-05
202,User202,+201411281012,Giza,2022-05-26
203,User203,+201068965204,Alex,2024-07-27
204,User204,+201355281184,Mansoura,2025-03-23
205,User205,+201446434187,Cairo,2022-04-27
206,User206,+201894310083,Alex,2024-05-14
207,User207,+201971562912,Mansoura,2020-03-21
208,User208,+201919909014,Mansoura,2024-04-07
209,User209,+201512153089,Cairo,2023-12-11
210,User210,+201320632895,Alex,2024-09-12
211,User211,+201577909930,Mansoura,2022-06-22
212,User212,+201524232414,Giza,2023-01-22
213,User213,+201467975319,Alex,2020-04-28
214,User214,+201417532243,Suez,2024-07-14
215,User215,+201777583839,Giza,2025-03-29
216,User216,+201987350298,Giza,2025-12-27
217,User217,+201028955006,Alex,2020-04-21
218,User218,+201090137896,Alex,2021-07-09
219,User219,+201930774552,Alex,2022-01-14
220,User220,+201053992714,Suez,2024-04-01
221,User221,+201351492250,Giza,2025-02-05
222,User222,+201350948014,Suez,2024-04-01
223,User223,+201298775766,Alex,2022-10-30
224,User224,+201896478772,Cairo,2025-04-10
225,User225,+201020812641,Mansoura,2020-08-01
226,User226,+201375767056,Giza,2020-10-08
227,User227,+201838842599,Cairo,2020-05-07
228,User228,+201265518424,Giza,2020-03-24
229,User229,+201667154083,Giza,2022-09-04
230,User230,+201135528741,Alex,2021-04-13
231,User231,+201605557720,Giza,2025-03-19
232,User232,+201751044796,Suez,2024-02-19
233,User233,+201180162221,Mansoura,2021-04-14
234,User234,+201835147672,Giza,2023-06-28
235,User235,+201116070149,Mansoura,2020-04-15
236,User236,+201997385005,Suez,2024-03-17
237,User237,+201425904456,Giza,2020-11-07
238,User238,+201635760237,Giza,2021-02-21
239,User239,+201748605284,Suez,2021-05-10
240,User240,+201854942461,Mansoura,2020-06-17
241,User241,+201372807202,Mansoura,2024-10-20
242,User242,+201710303128,Suez,2020-10-09
243,User243,+201543271261,Suez,2020-02-21
244,User244,+201912224883,Alex,2025-06-30
245,User245,+201113321496,Alex,2024-01-23
246,User246,+201682454310,Alex,2021-09-18
247,User247,+201467600762,Giza,2025-11-07
248,User248,+201698423334,Suez,2025-06-03
249,User249,+201499154414,Alex,2023-01-04
250,User250,+201346071904,Giza,2020-12-20
251,User251,+201299496923,Alex,2022-09-25
252,User252,+201805817775,Alex,2024-04-01
253,User253,+201361203124,Cairo,2025-07-17
254,User254,+201913703651,Suez,2022-01-14
255,User255,+201523502759,Giza,2023-12-24
256,User256,+201856665975,Suez,2023-10-26
257,User257,+201300281010,Mansoura,2023-02-05
258,User258,+201596776072,Cairo,2025-10-17
259,User259,+201205145276,Cairo,2022-09-15
260,User260,+201773174285,Alex,2025-06-24
261,User261,+201596115913,Giza,2025-05-04
262,User262,+201693532952,Alex,2025-01-09
263,User263,+201851405188,Cairo,2021-01-16
264,User264,+201315933049,Giza,2024-07-14
265,User265,+201742800803,Giza,2023-06-08
266,User266,+201712921644,Mansoura,2024-02-20
267,User267,+201508159580,Mansoura,2025-12-14
268,User268,+201369106688,Alex,2023-09-16
269,User269,+201377753674,Alex,2023-01-14
270,User270,+201329233929,Suez,2022-08-02
271,User271,+201129553265,Giza,2023-07-16
272,User272,+201128370927,Mansoura,2022-01-28
273,User273,+201205665554,Giza,2025-06-06
274,User274,+201296889215,Mansoura,2025-11-18
275,User275,+201640799178,Suez,2021-02-15
276,User276,+201894027897,Giza,2023-04-28
277,User277,+201244258191,Suez,2022-01-04
278,User278,+201324557359,Cairo,2025-12-27
279,User279,+201135917419,Suez,2020-07-05
280,User280,+201058546865,Mansoura,2023-04-11
281,User281,+201748846217,Giza,2025-07-03
282,User282,+201110152642,Cairo,2023-03-10
283,User283,+201504011128,Alex,2024-12-09
284,User284,+201365830215,Giza,2020-07-29
285,User285,+201271096600,Alex,2021-04-12
286,User286,+201882739959,Cairo,2024-06-29
287,User287,+201528008852,Cairo,2020-08-07
288,User288,+201162915636,Giza,2023-05-29
289,User289,+201091462297,Giza,2021-04-30
290,User290,+201599226355,Alex,2022-07-13
291,User291,+201832894596,Mansoura,2024-04-07
292,User292,+201483736219,Alex,2023-05-02
293,User293,+201923596926,Mansoura,2024-10-22
294,User294,+201327899537,Mansoura,2020-09-03
295,User295,+201654586204,Cairo,2022-05-01
296,User296,+201671641650,Giza,2022-12-19
297,User297,+201709129316,Cairo,2021-10-05
298,User298,+201257553274,Giza,2020-11-03
299,User299,+201168075622,Cairo,2024-07-31
300,User300,+201483724666,Mansoura,2025-04-08
301,User301,+201312737284,Cairo,2022-08-06
302,User302,+201309350265,Suez,2025-02-02
303,User303,+201076428684,Giza,2022-12-19
304,User304,+201845923902,Mansoura,2022-03-21
305,User305,+201456489494,Cairo,2022-07-09
306,User306,+201695392488,Giza,2022-12-24
307,User307,+201887588450,Giza,2020-10-19
308,User308,+201064035859,Giza,2023-06-13
309,User309,+201638923667,Mansoura,2023-03-28
310,User310,+201471537429,Cairo,2025-04-03
311,User311,+201739462365,Suez,2024-07-06
312,User312,+201292322121,Mansoura,2025-07-15
313,User313,+201470040006,Cairo,2020-06-12
314,User314,+201955010559,Alex,2023-08-13
315,User315,+201648232591,Suez,2020-04-15
316,User316,+201098061499,Giza,2020-03-25
317,User317,+201821155204,Suez,2020-06-13
318,User318,+201819382051,Giza,2025-04-11
319,User319,+201557233178,Alex,2023-02-13
320,User320,+201194872482,Mansoura,2024-11-20
321,User321,+201681594897,Alex,2021-01-08
322,User322,+201504669821,Suez,2024-07-30
323,User323,+201357887167,Suez,2021-03-04
324,User324,+201920983900,Giza,2023-09-12
325,User325,+201442000551,Alex,2023-03-26
326,User326,+201711443654,Alex,2020-05-30
327,User327,+201488365604,Cairo,2023-07-12
328,User328,+201271011200,Suez,2021-04-19
329,User329,+201829517022,Alex,2025-10-08
330,User330,+201885758835,Cairo,2025-03-07
331,User331,+201443721204,Cairo,2022-02-07
332,User332,+201556670062,Suez,2025-08-03
333,User333,+201671527524,Alex,2020-07-30
334,User334,+201218568997,Suez,2021-06-20
335,User335,+201996081045,Suez,2024-11-29
336,User336,+201945801848,Alex,2021-05-12
337,User337,+201030998324,Mansoura,2022-09-07
338,User338,+201762123506,Giza,2023-06-26
339,User339,+201591458887,Cairo,2024-07-29
340,User340,+201100082623,Giza,2021-04-09
341,User341,+201495475899,Cairo,2021-09-22
342,User342,+201535126623,Suez,2025-09-15
343,User343,+201757429971,Suez,2024-08-28
344,User344,+201896278008,Alex,2025-04-18
345,User345,+201261704064,Alex,2021-08-15
346,User346,+201411872350,Giza,2025-09-12
347,User347,+201801325519,Giza,2020-10-12
348,User348,+201296618390,Alex,2023-10-24
349,User349,+201845805127,Mansoura,2022-12-30
350,User350,+201881058292,Cairo,2023-03-04
351,User351,+201779591310,Suez,2025-06-28
352,User352,+201929066493,Giza,2025-01-03
353,User353,+201578296492,Alex,2023-11-14
354,User354,+201356954682,Mansoura,2024-03-25
355,User355,+201488922557,Suez,2022-02-11
356,User356,+201748933239,Giza,2024-04-17
357,User357,+201250785761,Alex,2020-06-27
358,User358,+201341639230,Alex,2024-04-10
359,User359,+201414548900,Giza,2025-07-21
360,User360,+201039749508,Giza,2025-08-19
361,User361,+201633701411,Suez,2021-02-15
362,User362,+201938654765,Alex,2021-02-12
363,User363,+201564735673,Alex,2020-03-03
364,User364,+201775718152,Giza,2024-08-06
365,User365,+201935157154,Giza,2020-11-02
366,User366,+201504111692,Suez,2023-10-18
367,User367,+201669219685,Alex,2020-11-24
368,User368,+201914576023,Suez,2025-12-25
369,User369,+201408031980,Suez,2025-06-21
370,User370,+201936714132,Mansoura,2020-05-27
371,User371,+201662992051,Cairo,2022-08-19
372,User372,+201677703980,Suez,2022-07-20
373,User373,+201801834280,Cairo,2024-11-12
374,User374,+201105702499,Cairo,2024-12-22
375,User375,+201178632824,Suez,2020-04-28
376,User376,+201049382425,Suez,2020-08-17
377,User377,+201315001254,Suez,2024-03-15
378,User378,+201462446417,Giza,2022-09-27
379,User379,+201570335494,Alex,2022-01-07
380,User380,+201182518553,Giza,2020-11-19
381,User381,+201654436820,Alex,2022-09-13
382,User382,+201534366139,Mansoura,2021-08-09
383,User383,+201249310440,Alex,2022-11-06
384,User384,+201493460064,Suez,2020-02-08
385,User385,+201965195684,Alex,2023-03-24
386,User386,+201727579147,Mansoura,2021-10-09
387,User387,+201079308612,Alex,2023-11-16
388,User388,+201630900313,Suez,2024-10-03
389,User389,+201741218491,Suez,2025-02-14
390,User390,+201907638182,Suez,2022-03-26
391,User391,+201413061224,Alex,2021-03-12
392,User392,+201254697684,Alex,2024-01-10
393,User393,+201617199615,Suez,2023-04-24
394,User394,+201023557463,Alex,2023-01-29
395,User395,+201008695125,Mansoura,2020-07-19
396,User396,+201977767507,Mansoura,2025-07-27
397,User397,+201894253959,Suez,2022-07-31
398,User398,+201651831074,Suez,2022-06-16
399,User399,+201683563240,Giza,2022-10-23
400,User400,+201727744047,Giza,2021-02-01
401,User401,+201970022337,Cairo,2023-06-19
402,User402,+201846764061,Alex,2020-05-16
403,User403,+201622312633,Suez,2021-06-22
404,User404,+201096779973,Suez,2023-08-31
405,User405,+201802601465,Alex,2021-12-20
406,User406,+201215601773,Giza,2024-02-07
407,User407,+201569998399,Mansoura,2023-01-21
408,User408,+201891713190,Giza,2022-11-18
409,User409,+201981452587,Alex,2023-04-23
410,User410,+201801611993,Suez,2021-04-16
411,User411,+201502866993,Cairo,2021-07-30
412,User412,+201809763993,Giza,2024-06-15
413,User413,+201908111216,Mansoura,2024-02-07
414,User414,+201096961971,Alex,2020-02-27
415,User415,+201283960237,Mansoura,2021-05-21
416,User416,+201488322781,Suez,2022-12-09
417,User417,+201627666622,Alex,2024-03-01
418,User418,+201116335741,Giza,2025-04-15
419,User419,+201026870011,Mansoura,2023-09-05
420,User420,+201982748549,Mansoura,2022-06-25
421,User421,+201695411453,Cairo,2025-03-16
422,User422,+201976447539,Suez,2024-07-30
423,User423,+201125279834,Giza,2020-07-04
424,User424,+201039956218,Suez,2025-07-10
425,User425,+201124683417,Cairo,2022-08-19
426,User426,+201952687430,Mansoura,2021-07-09
427,User427,+201417305280,Alex,2024-02-28
428,User428,+201719929088,Mansoura,2024-09-12
429,User429,+201630651895,Giza,2024-08-26
430,User430,+201703217037,Cairo,2025-06-27
431,User431,+201661051532,Alex,2023-02-19
432,User432,+201035128844,Suez,2022-06-08
433,User433,+201476078963,Alex,2022-08-25
434,User434,+201918532650,Suez,2021-02-10
435,User435,+201736243579,Suez,2024-01-09
436,User436,+201065015165,Alex,2023-02-04
437,User437,+201203805386,Cairo,2025-02-05
438,User438,+201098433586,Giza,2020-03-28
439,User439,+201054308262,Suez,2022-09-24
440,User440,+201135209737,Mansoura,2022-04-20
441,User441,+201073669588,Mansoura,2022-04-28
442,User442,+201629624046,Giza,2022-08-12
443,User443,+201352788129,Giza,2020-01-12
444,User444,+201297721596,Giza,2021-06-16
445,User445,+201580051935,Suez,2021-12-15
446,User446,+201118032515,Cairo,2021-06-23
447,User447,+201015956152,Suez,2022-09-01
448,User448,+201632276010,Suez,2020-03-05
449,User449,+201187095435,Suez,2020-08-02
450,User450,+201136105947,Alex,2025-11-24
451,User451,+201122030010,Cairo,2025-05-04
452,User452,+201481331845,Suez,2025-10-03
453,User453,+201637444033,Cairo,2025-01-25
454,User454,+201540992677,Giza,2020-06-26
455,User455,+201780871219,Mansoura,2023-05-20
456,User456,+201491819409,Cairo,2020-09-06
457,User457,+201514302907,Alex,2024-10-12
458,User458,+201736691577,Cairo,2025-07-01
459,User459,+201764935082,Alex,2020-10-28
460,User460,+201965580338,Cairo,2023-08-12
461,User461,+201653154389,Giza,2020-09-26
462,User462,+201135497187,Suez,2023-08-24
463,User463,+201408992977,Mansoura,2025-12-13
464,User464,+201316644047,Alex,2025-09-01
465,User465,+201650072069,Alex,2021-02-10
466,User466,+201851580447,Cairo,2022-05-30
467,User467,+201461784080,Alex,2022-07-24
468,User468,+201444328940,Suez,2025-01-31
469,User469,+201428133274,Alex,2021-01-24
470,User470,+201335596237,Alex,2023-07-04
471,User471,+201714154134,Suez,2024-03-13
472,User472,+201163894795,Alex,2020-10-01
473,User473,+201097951867,Cairo,2021-01-16
474,User474,+201463723880,Cairo,2024-03-06
475,User475,+201871630639,Giza,2020-09-02
476,User476,+201629712082,Mansoura,2023-09-12
477,User477,+201719421270,Cairo,2024-08-09
478,User478,+201379673044,Alex,2020-07-29
479,User479,+201308839723,Mansoura,2023-07-03
480,User480,+201377577220,Cairo,2025-09-09
481,User481,+201228426553,Giza,2025-05-29
482,User482,+201240781088,Cairo,2023-12-05
483,User483,+201907712792,Mansoura,2024-02-14
484,User484,+201123357166,Suez,2022-07-15
485,User485,+201866747347,Alex,2020-04-17
486,User486,+201653903309,Suez,2020-04-28
487,User487,+201193720285,Suez,2023-06-19
488,User488,+201989493377,Suez,2023-12-08
489,User489,+201006556040,Giza,2021-08-09
490,User490,+201608082645,Alex,2020-10-12
491,User491,+201152336745,Cairo,2021-01-10
492,User492,+201801131404,Mansoura,2022-05-31
493,User493,+201403935666,Alex,2025-02-01
494,User494,+201366034277,Giza,2024-02-24
495,User495,+201334618074,Suez,2020-12-13
496,User496,+201948481449,Cairo,2021-09-29
497,User497,+201169017588,Mansoura,2020-07-22
498,User498,+201723668399,Cairo,2023-01-19
499,User499,+201475788930,Alex,2025-06-12
500,User500,+201651842899,Alex,2024-08-23
501,User501,+201293310667,Giza,2025-09-29
502,User502,+201122210617,Suez,2024-10-26
503,User503,+201119066986,Suez,2025-06-16
504,User504,+201565791188,Suez,2020-07-05
505,User505,+201236779871,Alex,2020-08-12
506,User506,+201008253947,Giza,2023-05-19
507,User507,+201226810757,Giza,2022-11-12
508,User508,+201310791488,Suez,2021-05-06
509,User509,+201008299923,Alex,2024-10-29
510,User510,+201188650860,Giza,2024-04-06
511,User511,+201571855941,Giza,2025-08-11
512,User512,+201599924859,Suez,2020-10-22
513,User513,+201426351920,Cairo,2024-11-21
514,User514,+201020123575,Alex,2020-11-14
515,User515,+201925683580,Suez,2024-10-24
516,User516,+201615683222,Alex,2024-09-06
517,User517,+201310864588,Cairo,2024-07-17
518,User518,+201022394554,Suez,2021-12-04
519,User519,+201860413104,Mansoura,2025-02-27
520,User520,+201893381017,Suez,2020-12-26
521,User521,+201468915703,Cairo,2022-09-23
522,User522,+201467804106,Mansoura,2024-06-28
523,User523,+201562600500,Cairo,2024-06-09
524,User524,+201934718473,Suez,2023-10-22
525,User525,+201237911187,Suez,2021-11-19
526,User526,+201082011731,Mansoura,2021-04-12
527,User527,+201569732591,Mansoura,2022-03-05
528,User528,+201972727126,Suez,2023-12-09
529,User529,+201781017363,Giza,2022-08-25
530,User530,+201110385522,Giza,2022-11-14
531,User531,+201211818984,Giza,2021-09-18
532,User532,+201816274954,Cairo,2021-12-26
533,User533,+201829839316,Alex,2025-03-15
534,User534,+201810080036,Mansoura,2025-01-12
535,User535,+201731361497,Mansoura,2023-08-16
536,User536,+201927978015,Suez,2021-09-10
537,User537,+201472191734,Cairo,2025-04-04
538,User538,+201474817290,Suez,2023-01-30
539,User539,+201635032128,Cairo,2023-12-12
540,User540,+201544748834,Cairo,2023-06-25
541,User541,+201495792218,Alex,2020-06-03
542,User542,+201061085229,Suez,2023-03-21
543,User543,+201082389284,Cairo,2025-09-07
544,User544,+201412834919,Alex,2020-06-17
545,User545,+201482897882,Mansoura,2022-02-10
546,User546,+201345236735,Mansoura,2025-05-02
547,User547,+201538339044,Giza,2020-09-10
548,User548,+201483745511,Cairo,2023-11-07
549,User549,+201766990485,Cairo,2025-08-28
550,User550,+201693773681,Giza,2020-06-09
551,User551,+201266012797,Alex,2024-12-04
552,User552,+201562714327,Mansoura,2021-10-12
553,User553,+201390732457,Suez,2023-03-04
554,User554,+201415985367,Alex,2023-10-17
555,User555,+201728960875,Mansoura,2020-08-02
556,User556,+201847425963,Suez,2020-09-26
557,User557,+201354002758,Cairo,2024-05-02
558,User558,+201305100495,Suez,2021-09-07
559,User559,+201357944766,Cairo,2021-08-02
560,User560,+201984349008,Suez,2023-06-24
561,User561,+201704433388,Alex,2021-06-12
562,User562,+201638920648,Cairo,2023-06-22
563,User563,+201600138002,Alex,2023-09-07
564,User564,+201873150512,Giza,2025-11-26
565,User565,+201100344359,Alex,2025-09-13
566,User566,+201388509962,Cairo,2024-01-25
567,User567,+201331642423,Giza,2022-05-27
568,User568,+201366932310,Alex,2022-02-25
569,User569,+201243248743,Giza,2021-09-26
570,User570,+201082855381,Suez,2021-02-18
571,User571,+201545127678,Mansoura,2025-11-26
572,User572,+201040531056,Suez,2021-06-20
573,User573,+201641288486,Alex,2021-09-23
574,User574,+201174211616,Giza,2021-11-09
575,User575,+201774364348,Alex,2020-06-27
576,User576,+201441156077,Suez,2022-08-30
577,User577,+201476954730,Mansoura,2023-03-13
578,User578,+201807873857,Alex,2022-08-16
579,User579,+201573390109,Giza,2023-06-21
580,User580,+201868253265,Alex,2022-03-05
581,User581,+201394966219,Mansoura,2024-12-09
582,User582,+201495725097,Suez,2024-04-13
583,User583,+201539991949,Mansoura,2024-09-10
584,User584,+201174008639,Giza,2021-07-20
585,User585,+201937378677,Suez,2020-08-01
586,User586,+201688460744,Alex,2024-02-29
587,User587,+201595433590,Cairo,2025-10-14
588,User588,+201913932588,Cairo,2023-03-13
589,User589,+201090060226,Giza,2023-01-22
590,User590,+201482452834,Mansoura,2021-08-26
591,User591,+201892329618,Alex,2021-01-10
592,User592,+201977647253,Giza,2025-01-21
593,User593,+201949863985,Suez,2020-04-19
594,User594,+201445492166,Cairo,2024-06-11
595,User595,+201539026034,Suez,2022-08-23
596,User596,+201414642708,Cairo,2024-03-15
597,User597,+201241096660,Cairo,2023-07-29
598,User598,+201999466711,Cairo,2023-10-05
599,User599,+201849738493,Giza,2021-07-17
600,User600,+201041127742,Suez,2025-04-19
601,User601,+201747401602,Giza,2025-04-05
602,User602,+201481682167,Mansoura,2020-01-22
603,User603,+201972657073,Cairo,2020-03-18
604,User604,+201274796224,Giza,2021-09-04
605,User605,+201589274064,Mansoura,2025-12-01
606,User606,+201454466340,Cairo,2023-03-26
607,User607,+201255164255,Suez,2021-05-14
608,User608,+201051270577,Giza,2024-09-15
609,User609,+201686069196,Mansoura,2025-02-15
610,User610,+201067438668,Cairo,2025-08-09
611,User611,+201640743666,Mansoura,2020-03-08
612,User612,+201678556450,Mansoura,2022-09-17
613,User613,+201771531100,Giza,2023-04-08
614,User614,+201460891752,Cairo,2023-12-16
615,User615,+201258303887,Mansoura,2024-09-02
616,User616,+201201126777,Cairo,2025-11-14
617,User617,+201387195336,Cairo,2025-11-24
618,User618,+201584203557,Mansoura,2025-09-10
619,User619,+201595016134,Cairo,2024-05-18
620,User620,+201937732488,Alex,2020-06-27
621,User621,+201682546314,Alex,2024-03-09
622,User622,+201272354893,Cairo,2024-01-02
623,User623,+201846666926,Cairo,2023-11-13
624,User624,+201258906986,Cairo,2023-09-23
625,User625,+201143247463,Cairo,2023-12-14
626,User626,+201586277792,Suez,2021-12-18
627,User627,+201891617660,Alex,2025-05-14
628,User628,+201678321204,Giza,2021-07-06
629,User629,+201067753684,Alex,2020-05-31
630,User630,+201315081566,Giza,2020-06-28
631,User631,+201849447049,Giza,2020-06-20
632,User632,+201338868427,Suez,2025-10-12
633,User633,+201427589822,Mansoura,2025-04-23
634,User634,+201271993587,Cairo,2022-02-21
635,User635,+201307209235,Suez,2020-07-14
636,User636,+201929643817,Suez,2023-01-24
637,User637,+201133654018,Suez,2024-11-24
638,User638,+201955078872,Alex,2024-12-06
639,User639,+201960609692,Alex,2023-10-20
640,User640,+201200593456,Alex,2025-07-30
641,User641,+201394435754,Mansoura,2022-12-28
642,User642,+201860226208,Cairo,2024-10-04
643,User643,+201084747224,Alex,2022-01-09
644,User644,+201585698675,Suez,2023-08-08
645,User645,+201110163669,Cairo,2023-09-05
646,User646,+201709656613,Suez,2023-06-09
647,User647,+201478798403,Mansoura,2024-10-11
648,User648,+201178933456,Alex,2023-12-10
649,User649,+201480101819,Cairo,2023-12-15
650,User650,+201660191749,Alex,2023-01-29
651,User651,+201686624943,Cairo,2020-11-03
652,User652,+201720678212,Alex,2024-01-28
653,User653,+201550921917,Giza,2020-05-07
654,User654,+201153308283,Mansoura,2024-11-29
655,User655,+201037365109,Giza,2020-10-02
656,User656,+201253398109,Suez,2024-01-23
657,User657,+201411086777,Mansoura,2020-05-12
658,User658,+201649715626,Giza,2025-01-16
659,User659,+201398320110,Suez,2024-12-23
660,User660,+201819355714,Cairo,2021-07-17
661,User661,+201568503222,Suez,2024-06-18
662,User662,+201337568796,Suez,2022-10-19
663,User663,+201121814525,Cairo,2022-02-01
664,User664,+201535844374,Mansoura,2024-05-04
665,User665,+201980908797,Mansoura,2021-04-27
666,User666,+201281080560,Suez,2025-01-01
667,User667,+201230393232,Mansoura,2023-03-15
668,User668,+201745156039,Alex,2022-03-30
669,User669,+201131680929,Giza,2020-10-30
670,User670,+201485377142,Giza,2024-12-28
671,User671,+201094264587,Suez,2023-11-24
672,User672,+201761863296,Cairo,2023-04-04
673,User673,+201957060109,Suez,2021-10-07
674,User674,+201764299201,Giza,2024-01-20
675,User675,+201546272321,Giza,2021-05-12
676,User676,+201215801027,Giza,2022-08-27
677,User677,+201848656610,Alex,2020-04-17
678,User678,+201387509692,Mansoura,2024-02-20
679,User679,+201501873197,Mansoura,2021-06-15
680,User680,+201657074545,Cairo,2020-09-26
681,User681,+201332098383,Alex,2025-05-14
682,User682,+201564461415,Alex,2024-08-04
683,User683,+201884053945,Mansoura,2020-10-29
684,User684,+201134568604,Suez,2020-10-30
685,User685,+201483156434,Alex,2025-10-20
686,User686,+201369919929,Giza,2022-01-15
687,User687,+201824399252,Giza,2024-11-07
688,User688,+201539945876,Cairo,2021-05-23
689,User689,+201556307931,Giza,2023-05-30
690,User690,+201176799196,Giza,2023-08-14
691,User691,+201761639583,Giza,2023-11-18
692,User692,+201557162259,Suez,2020-11-19
693,User693,+201269085407,Giza,2023-01-29
694,User694,+201134400576,Suez,2025-12-25
695,User695,+201100317984,Mansoura,2021-11-21
696,User696,+201635449477,Mansoura,2021-09-23
697,User697,+201183825267,Mansoura,2023-10-14
698,User698,+201904659703,Mansoura,2020-06-17
699,User699,+201886090690,Cairo,2020-11-28
700,User700,+201048814238,Mansoura,2022-12-20
701,User701,+201699145494,Giza,2024-09-02
702,User702,+201663688866,Cairo,2025-08-01
703,User703,+201954553132,Mansoura,2023-04-01
704,User704,+201689242701,Suez,2025-06-01
705,User705,+201262935648,Alex,2023-05-03
706,User706,+201486989309,Cairo,2020-09-02
707,User707,+201169737590,Alex,2024-08-29
708,User708,+201519960692,Alex,2022-04-15
709,User709,+201365278987,Mansoura,2021-08-11
710,User710,+201335632899,Suez,2023-11-15
711,User711,+201428118701,Giza,2024-02-26
712,User712,+201552955706,Mansoura,2021-03-10
713,User713,+201342648079,Giza,2025-03-25
714,User714,+201131556899,Suez,2025-01-15
715,User715,+201266200875,Giza,2021-01-31
716,User716,+201054337019,Suez,2024-04-22
717,User717,+201927888868,Mansoura,2024-09-08
718,User718,+201266578178,Giza,2023-09-03
719,User719,+201620286733,Suez,2022-02-16
720,User720,+201819395339,Giza,2025-08-02
721,User721,+201552681586,Alex,2025-08-04
722,User722,+201943900305,Suez,2025-07-30
723,User723,+201024885365,Cairo,2024-05-29
724,User724,+201542716859,Alex,2022-09-13
725,User725,+201231009561,Mansoura,2023-12-16
726,User726,+201052246275,Cairo,2023-02-26
727,User727,+201531388604,Mansoura,2025-04-11
728,User728,+201306819991,Mansoura,2020-02-03
729,User729,+201909644407,Cairo,2024-10-31
730,User730,+201143811545,Suez,2024-02-07
731,User731,+201820184955,Alex,2024-02-07
732,User732,+201048578655,Alex,2020-07-28
733,User733,+201612335251,Mansoura,2022-03-08
734,User734,+201389256938,Mansoura,2023-03-28
735,User735,+201078954113,Alex,2025-08-27
736,User736,+201483564328,Mansoura,2023-02-19
737,User737,+201886171278,Mansoura,2021-05-01
738,User738,+201138151258,Cairo,2024-06-01
739,User739,+201400718660,Suez,2024-02-06
740,User740,+201810637681,Giza,2022-03-26
741,User741,+201646889670,Mansoura,2024-07-02
742,User742,+201536954564,Cairo,2020-07-04
743,User743,+201041783553,Giza,2023-09-26
744,User744,+201863251765,Alex,2025-10-28
745,User745,+201490687732,Giza,2025-10-12
746,User746,+201150088694,Suez,2023-07-28
747,User747,+201174485243,Alex,2023-05-10
748,User748,+201637506993,Suez,2025-09-08
749,User749,+201889368954,Mansoura,2025-12-20
750,User750,+201525968839,Mansoura,2023-05-12
751,User751,+201509912042,Cairo,2024-02-17
752,User752,+201355665802,Cairo,2024-09-02
753,User753,+201626745401,Suez,2020-04-19
754,User754,+201640926818,Alex,2022-12-23
755,User755,+201703935444,Mansoura,2022-07-21
756,User756,+201774597473,Cairo,2025-05-21
757,User757,+201183085932,Mansoura,2024-04-06
758,User758,+201158672959,Giza,2020-05-09
759,User759,+201614792641,Cairo,2022-02-20
760,User760,+201020333847,Alex,2023-07-08
761,User761,+201449661921,Giza,2024-08-18
762,User762,+201741419015,Giza,2024-08-07
763,User763,+201538824588,Mansoura,2025-04-15
764,User764,+201937180874,Cairo,2021-07-19
765,User765,+201556931857,Giza,2023-08-24
766,User766,+201711060614,Alex,2025-11-22
767,User767,+201404612520,Suez,2021-12-10
768,User768,+201493559955,Mansoura,2023-11-03
769,User769,+201586556403,Suez,2022-12-18
770,User770,+201655064741,Alex,2022-02-26
771,User771,+201264697908,Suez,2023-05-07
772,User772,+201241449138,Suez,2023-03-29
773,User773,+201756881618,Giza,2025-06-25
774,User774,+201340419907,Alex,2023-11-29
775,User775,+201601818966,Suez,2023-03-24
776,User776,+201130861323,Mansoura,2024-04-04
777,User777,+201961815464,Alex,2023-11-14
778,User778,+201830071496,Giza,2023-04-04
779,User779,+201045168545,Suez,2020-11-19
780,User780,+201371904990,Alex,2022-11-16
781,User781,+201802448600,Alex,2022-05-26
782,User782,+201216968866,Mansoura,2023-01-15
783,User783,+201603462253,Suez,2021-07-16
784,User784,+201117281149,Mansoura,2022-09-07
785,User785,+201260337343,Cairo,2025-12-15
786,User786,+201242313086,Giza,2020-08-03
787,User787,+201107586738,Alex,2023-09-14
788,User788,+201770257350,Alex,2021-02-15
789,User789,+201731424323,Giza,2020-01-22
790,User790,+201590936560,Giza,2024-07-24
791,User791,+201701038300,Alex,2025-05-09
792,User792,+201698510601,Giza,2023-03-22
793,User793,+201344851196,Suez,2020-08-30
794,User794,+201974889880,Cairo,2022-08-09
795,User795,+201574615376,Cairo,2021-12-18
796,User796,+201448700579,Giza,2020-05-28
797,User797,+201897866344,Alex,2025-07-22
798,User798,+201200050585,Suez,2020-06-02
799,User799,+201009950544,Suez,2021-03-15
800,User800,+201996920793,Suez,2023-03-11
801,User801,+201487853601,Mansoura,2025-11-17
802,User802,+201530334421,Giza,2025-08-27
803,User803,+201502533479,Suez,2022-02-28
804,User804,+201868457290,Cairo,2023-09-16
805,User805,+201174476883,Alex,2022-11-19
806,User806,+201771588919,Giza,2020-02-27
807,User807,+201790937440,Suez,2023-04-23
808,User808,+201609650444,Giza,2021-12-19
809,User809,+201656007396,Alex,2024-10-17
810,User810,+201553278397,Suez,2020-12-21
811,User811,+201430391423,Cairo,2022-01-26
812,User812,+201150980852,Alex,2023-08-18
813,User813,+201266338529,Cairo,2022-12-04
814,User814,+201411859868,Giza,2025-01-03
815,User815,+201809340042,Suez,2023-09-12
816,User816,+201324211872,Mansoura,2020-02-16
817,User817,+201280840558,Suez,2022-08-25
818,User818,+201066705490,Cairo,2025-03-21
819,User819,+201329430802,Giza,2024-07-18
820,User820,+201736665942,Mansoura,2023-06-27
821,User821,+201741193655,Cairo,2023-04-23
822,User822,+201394647257,Mansoura,2022-06-23
823,User823,+201235287540,Giza,2025-05-12
824,User824,+201164481748,Alex,2024-03-10
825,User825,+201446510829,Mansoura,2025-04-12
826,User826,+201813198930,Mansoura,2022-06-13
827,User827,+201818040539,Giza,2020-12-01
828,User828,+201564258474,Alex,2025-12-03
829,User829,+201755663125,Suez,2020-11-15
830,User830,+201984884002,Mansoura,2021-04-04
831,User831,+201066312199,Mansoura,2025-09-01
832,User832,+201217064188,Mansoura,2021-09-05
833,User833,+201176670424,Suez,2025-11-01
834,User834,+201474422684,Cairo,2022-04-21
835,User835,+201769784803,Mansoura,2025-06-25
836,User836,+201097647841,Mansoura,2024-12-29
837,User837,+201868326513,Cairo,2025-01-31
838,User838,+201141674152,Mansoura,2024-08-28
839,User839,+201490483627,Mansoura,2020-08-24
840,User840,+201600003920,Alex,2023-06-16
841,User841,+201776616079,Cairo,2024-06-09
842,User842,+201273221357,Cairo,2022-06-11
843,User843,+201620956992,Cairo,2020-07-04
844,User844,+201454941605,Suez,2020-09-18
845,User845,+201581069884,Cairo,2020-10-09
846,User846,+201506882594,Cairo,2023-03-21
847,User847,+201439017530,Giza,2021-07-08
848,User848,+201822301213,Alex,2024-03-13
849,User849,+201957062174,Alex,2025-01-11
850,User850,+201933747670,Alex,2024-03-18
851,User851,+201086167773,Mansoura,2021-06-28
852,User852,+201701726890,Suez,2021-04-30
853,User853,+201191634595,Mansoura,2024-05-28
854,User854,+201567840357,Giza,2022-07-01
855,User855,+201896382881,Cairo,2020-04-03
856,User856,+201320364823,Alex,2024-10-03
857,User857,+201571159367,Alex,2022-07-29
858,User858,+201265764028,Alex,2023-11-18
859,User859,+201166560311,Suez,2022-02-11
860,User860,+201939747623,Cairo,2020-05-11
861,User861,+201869170578,Alex,2020-03-05
862,User862,+201258413465,Giza,2020-10-02
863,User863,+201108337018,Mansoura,2020-05-17
864,User864,+201479362443,Mansoura,2020-07-18
865,User865,+201262781292,Cairo,2024-07-05
866,User866,+201471332733,Giza,2022-06-08
867,User867,+201810015485,Cairo,2021-07-27
868,User868,+201541054044,Suez,2022-08-17
869,User869,+201875943821,Mansoura,2023-07-30
870,User870,+201620058859,Mansoura,2023-08-06
871,User871,+201254373770,Suez,2021-08-09
872,User872,+201708897689,Mansoura,2022-06-24
873,User873,+201444056890,Suez,2023-02-01
874,User874,+201065452764,Mansoura,2021-12-18
875,User875,+201672155012,Alex,2025-07-23
876,User876,+201050341410,Suez,2024-04-10
877,User877,+201843751263,Mansoura,2023-07-29
878,User878,+201747655456,Alex,2024-07-30
879,User879,+201160221190,Suez,2024-03-21
880,User880,+201197438548,Mansoura,2025-04-23
881,User881,+201258737619,Giza,2023-05-16
882,User882,+201920777895,Giza,2025-03-11
883,User883,+201982195860,Cairo,2024-08-17
884,User884,+201447221915,Mansoura,2025-12-10
885,User885,+201143980993,Alex,2022-09-21
886,User886,+201273799489,Giza,2023-09-14
887,User887,+201694395127,Cairo,2025-01-16
888,User888,+201909602544,Suez,2021-01-13
889,User889,+201575134276,Giza,2020-07-30
890,User890,+201288258432,Alex,2020-06-10
891,User891,+201938042824,Cairo,2022-02-09
892,User892,+201863987020,Mansoura,2022-06-07
893,User893,+201514745610,Giza,2023-09-25
894,User894,+201325545658,Cairo,2022-05-17
895,User895,+201204036387,Cairo,2025-05-15
896,User896,+201981873867,Giza,2022-04-17
897,User897,+201425880424,Giza,2023-08-10
898,User898,+201832701695,Suez,2024-04-08
899,User899,+201500632621,Mansoura,2024-01-11
900,User900,+201331165907,Suez,2024-01-13
901,User901,+201550632566,Alex,2025-03-23
902,User902,+201105879779,Alex,2023-08-04
903,User903,+201981754902,Giza,2024-02-27
904,User904,+201335997460,Alex,2020-07-06
905,User905,+201604006325,Giza,2021-08-20
906,User906,+201017415986,Suez,2024-09-06
907,User907,+201316960306,Giza,2022-03-14
908,User908,+201354190155,Giza,2024-04-04
909,User909,+201611806831,Giza,2025-08-07
910,User910,+201591247918,Suez,2022-11-20
911,User911,+201819652226,Alex,2025-07-02
912,User912,+201494811370,Giza,2023-12-13
913,User913,+201181747678,Giza,2025-06-23
914,User914,+201197619784,Mansoura,2020-08-28
915,User915,+201562581035,Cairo,2020-10-31
916,User916,+201878316418,Cairo,2020-01-27
917,User917,+201442802779,Giza,2022-08-05
918,User918,+201072980019,Giza,2020-02-07
919,User919,+201234848459,Mansoura,2025-02-10
920,User920,+201400721199,Cairo,2025-06-02
921,User921,+201707901168,Alex,2020-03-05
922,User922,+201007099962,Mansoura,2024-08-11
923,User923,+201012724887,Cairo,2025-12-08
924,User924,+201775448533,Suez,2023-03-20
925,User925,+201018406723,Mansoura,2024-10-29
926,User926,+201865615974,Giza,2021-03-14
927,User927,+201985747441,Cairo,2025-11-17
928,User928,+201159877461,Giza,2022-02-25
929,User929,+201665484610,Mansoura,2022-10-30
930,User930,+201875329786,Suez,2022-12-30
931,User931,+201853556386,Alex,2020-11-19
932,User932,+201400561082,Alex,2025-02-23
933,User933,+201606666479,Giza,2022-07-14
934,User934,+201322095317,Cairo,2020-05-09
935,User935,+201100395400,Alex,2024-04-02
936,User936,+201404982743,Mansoura,2025-05-03
937,User937,+201060252954,Cairo,2021-12-02
938,User938,+201088783547,Alex,2024-11-12
939,User939,+201692463878,Suez,2021-01-25
940,User940,+201960774744,Mansoura,2020-06-23
941,User941,+201246709900,Giza,2025-05-01
942,User942,+201291086098,Cairo,2020-10-31
943,User943,+201734899763,Suez,2020-05-14
944,User944,+201192580427,Suez,2020-03-05
945,User945,+201222434334,Mansoura,2021-08-13
946,User946,+201807727084,Alex,2020-11-11
947,User947,+201321346113,Giza,2022-09-11
948,User948,+201608485104,Alex,2023-09-20
949,User949,+201412151733,Giza,2020-11-17
950,User950,+201537722224,Suez,2020-08-07
951,User951,+201104889313,Alex,2022-08-08
952,User952,+201900520057,Cairo,2023-10-27
953,User953,+201649794986,Mansoura,2024-06-12
954,User954,+201830598266,Suez,2020-05-01
955,User955,+201680884334,Suez,2025-01-19
956,User956,+201526781451,Giza,2023-12-28
957,User957,+201593819730,Alex,2024-11-03
958,User958,+201199434489,Mansoura,2024-04-05
959,User959,+201092013357,Mansoura,2023-04-24
960,User960,+201856905222,Giza,2020-10-28
961,User961,+201088087644,Suez,2021-09-23
962,User962,+201408021882,Giza,2024-05-14
963,User963,+201340030663,Suez,2021-03-12
964,User964,+201098269319,Cairo,2023-06-16
965,User965,+201477531502,Suez,2023-01-09
966,User966,+201109770151,Giza,2020-12-23
967,User967,+201201210399,Alex,2025-01-12
968,User968,+201598058121,Mansoura,2025-09-29
969,User969,+201438134097,Cairo,2020-04-17
970,User970,+201096227496,Suez,2021-01-16
971,User971,+201640942859,Mansoura,2023-08-21
972,User972,+201927410329,Alex,2020-02-20
973,User973,+201313368711,Alex,2024-05-07
974,User974,+201836626463,Cairo,2022-09-21
975,User975,+201614137833,Mansoura,2021-11-25
976,User976,+201735852444,Alex,2021-11-25
977,User977,+201149078381,Suez,2023-05-18
978,User978,+201288199600,Alex,2021-08-20
979,User979,+201067932588,Giza,2024-11-15
980,User980,+201296311802,Alex,2023-05-12
981,User981,+201519939412,Cairo,2024-01-19
982,User982,+201270260533,Giza,2025-07-23
983,User983,+201637594763,Mansoura,2022-03-11
984,User984,+201491625191,Cairo,2021-07-08
985,User985,+201327124037,Cairo,2024-06-08
986,User986,+201356715514,Mansoura,2024-04-05
987,User987,+201863370520,Suez,2024-12-08
988,User988,+201359420281,Alex,2021-07-11
989,User989,+201322589929,Suez,2022-04-02
990,User990,+201514332794,Suez,2021-12-28
991,User991,+201427606494,Suez,2023-04-08
992,User992,+201789065340,Alex,2022-09-19
993,User993,+201349917685,Alex,2023-02-22
994,User994,+201876704309,Alex,2024-02-04
995,User995,+201122286118,Mansoura,2022-03-29
996,User996,+201635898931,Mansoura,2022-01-06
997,User997,+201731983367,Mansoura,2020-04-20
998,User998,+201780839406,Alex,2022-05-08
999,User999,+201470787423,Suez,2020-10-10
1000,User1000,+201879357576,Alex,2025-08-07
1001,User1001,+201149442440,Suez,2022-09-18
1002,User1002,+201271314895,Giza,2024-09-29
1003,User1003,+201847264726,Alex,2020-10-29
1004,User1004,+201482181718,Mansoura,2025-05-16
1005,User1005,+201625179752,Alex,2025-12-28
1006,User1006,+201543971182,Alex,2020-05-30
1007,User1007,+201849030118,Suez,2020-12-14
1008,User1008,+201117434526,Giza,2023-12-25
1009,User1009,+201178604592,Mansoura,2020-06-30
1010,User1010,+201604753177,Alex,2023-09-20
1011,User1011,+201854946593,Alex,2021-03-09
1012,User1012,+201011325589,Cairo,2022-11-25
1013,User1013,+201238371847,Mansoura,2025-10-25
1014,User1014,+201599140867,Mansoura,2022-06-24
1015,User1015,+201478651079,Suez,2024-05-21
1016,User1016,+201497210335,Mansoura,2025-08-11
1017,User1017,+201161861139,Suez,2020-04-10
1018,User1018,+201518371508,Cairo,2023-04-25
1019,User1019,+201446650213,Cairo,2021-04-20
1020,User1020,+201892620629,Giza,2023-11-27
1021,User1021,+201334889710,Suez,2025-02-08
1022,User1022,+201842103498,Giza,2025-11-04
1023,User1023,+201518537844,Suez,2025-05-04
1024,User1024,+201104821934,Alex,2025-01-27
1025,User1025,+201342426442,Cairo,2023-05-14
1026,User1026,+201047978060,Cairo,2020-04-02
1027,User1027,+201911800092,Suez,2021-03-23
1028,User1028,+201727072823,Giza,2022-09-26
1029,User1029,+201554044237,Giza,2021-10-17
1030,User1030,+201355397438,Mansoura,2024-10-12
1031,User1031,+201496126873,Giza,2024-07-17
1032,User1032,+201676199993,Giza,2022-02-02
1033,User1033,+201687708952,Alex,2024-06-08
1034,User1034,+201031344962,Mansoura,2022-03-19
1035,User1035,+201482727494,Mansoura,2024-10-25
1036,User1036,+201417509245,Cairo,2022-05-29
1037,User1037,+201220959407,Suez,2020-09-13
1038,User1038,+201619922596,Cairo,2022-02-04
1039,User1039,+201392767278,Suez,2022-03-18
1040,User1040,+201491291025,Cairo,2022-12-10
1041,User1041,+201720160169,Alex,2025-12-01
1042,User1042,+201686237617,Suez,2024-05-10
1043,User1043,+201656387421,Alex,2021-04-12
1044,User1044,+201373581239,Suez,2025-02-18
1045,User1045,+201662888128,Giza,2023-05-03
1046,User1046,+201986427907,Mansoura,2020-12-13
1047,User1047,+201721672704,Giza,2023-07-06
1048,User1048,+201126552991,Giza,2023-06-04
1049,User1049,+201125572934,Giza,2024-03-09
1050,User1050,+201744571822,Giza,2025-09-23
1051,User1051,+201417109257,Alex,2021-07-18
1052,User1052,+201617193289,Alex,2024-09-28
1053,User1053,+201199451515,Alex,2021-12-10
1054,User1054,+201595832844,Giza,2025-06-28
1055,User1055,+201310133983,Giza,2022-02-05
1056,User1056,+201337777716,Alex,2020-08-07
1057,User1057,+201929347423,Suez,2020-02-09
1058,User1058,+201520344871,Giza,2022-03-10
1059,User1059,+201875331448,Alex,2025-09-01
1060,User1060,+201701228319,Alex,2024-08-02
1061,User1061,+201735187452,Alex,2024-08-29
1062,User1062,+201762509565,Alex,2025-06-24
1063,User1063,+201179587066,Cairo,2020-05-06
1064,User1064,+201854570592,Giza,2023-04-11
1065,User1065,+201035106082,Suez,2022-07-09
1066,User1066,+201577252858,Suez,2021-11-19
1067,User1067,+201838313402,Alex,2025-07-21
1068,User1068,+201590263993,Mansoura,2021-04-08
1069,User1069,+201614947037,Cairo,2023-01-02
1070,User1070,+201832271276,Mansoura,2024-02-11
1071,User1071,+201582014641,Cairo,2024-12-12
1072,User1072,+201586642360,Giza,2024-10-07
1073,User1073,+201109968815,Giza,2023-05-04
1074,User1074,+201939319914,Cairo,2025-01-16
1075,User1075,+201282195698,Suez,2020-12-22
1076,User1076,+201471447714,Cairo,2022-08-28
1077,User1077,+201225354965,Mansoura,2023-12-07
1078,User1078,+201924543999,Mansoura,2024-10-19
1079,User1079,+201178221407,Mansoura,2021-07-24
1080,User1080,+201842725534,Giza,2022-04-27
1081,User1081,+201864835149,Cairo,2023-12-07
1082,User1082,+201571532152,Suez,2021-11-20
1083,User1083,+201347520416,Suez,2023-03-31
1084,User1084,+201614970148,Suez,2025-10-08
1085,User1085,+201966534376,Cairo,2021-07-09
1086,User1086,+201805407446,Alex,2020-08-30
1087,User1087,+201297773877,Giza,2021-06-27
1088,User1088,+201268088898,Giza,2023-08-12
1089,User1089,+201889575564,Giza,2024-05-27
1090,User1090,+201525552311,Giza,2023-01-05
1091,User1091,+201674108885,Alex,2024-03-16
1092,User1092,+201485322421,Cairo,2021-01-16
1093,User1093,+201432557724,Mansoura,2023-02-13
1094,User1094,+201745932321,Suez,2025-02-05
1095,User1095,+201524033772,Suez,2020-01-11
1096,User1096,+201932982604,Cairo,2025-02-20
1097,User1097,+201681654847,Suez,2020-09-16
1098,User1098,+201854352670,Mansoura,2024-06-17
1099,User1099,+201233893106,Alex,2022-05-17
1100,User1100,+201531196129,Suez,2023-08-15
1101,User1101,+201889427187,Suez,2023-10-15
1102,User1102,+201587670209,Mansoura,2021-06-18
1103,User1103,+201607890457,Alex,2023-11-08
1104,User1104,+201960091255,Cairo,2020-07-07
1105,User1105,+201106917560,Alex,2020-03-07
1106,User1106,+201133398648,Giza,2024-12-12
1107,User1107,+201490182620,Cairo,2024-10-18
1108,User1108,+201217237515,Giza,2023-05-21
1109,User1109,+201170700744,Suez,2021-01-17
1110,User1110,+201702858478,Suez,2022-10-22
1111,User1111,+201088498371,Suez,2021-11-08
1112,User1112,+201055606161,Alex,2023-06-05
1113,User1113,+201779524067,Giza,2024-10-24
1114,User1114,+201703821904,Cairo,2021-01-24
1115,User1115,+201001166414,Giza,2025-05-07
1116,User1116,+201083686071,Giza,2022-07-15
1117,User1117,+201557749020,Alex,2020-02-08
1118,User1118,+201008657116,Suez,2021-05-08
1119,User1119,+201923783352,Alex,2021-06-25
1120,User1120,+201512926731,Cairo,2022-07-26
1121,User1121,+201411318205,Cairo,2021-02-23
1122,User1122,+201110811807,Suez,2024-02-14
1123,User1123,+201945954731,Suez,2021-07-15
1124,User1124,+201410943598,Giza,2021-08-08
1125,User1125,+201073456403,Mansoura,2020-02-04
1126,User1126,+201655325292,Giza,2024-12-07
1127,User1127,+201377084942,Giza,2021-09-12
1128,User1128,+201987728793,Alex,2024-12-17
1129,User1129,+201923377730,Giza,2020-12-21
1130,User1130,+201962709346,Cairo,2021-07-27
1131,User1131,+201807932366,Cairo,2024-04-21
1132,User1132,+201377458516,Alex,2023-07-12
1133,User1133,+201849412096,Giza,2022-10-11
1134,User1134,+201297391755,Cairo,2022-10-13
1135,User1135,+201594205108,Mansoura,2023-03-13
1136,User1136,+201836412291,Cairo,2023-05-20
1137,User1137,+201220595661,Mansoura,2025-09-18
1138,User1138,+201202557660,Alex,2023-04-25
1139,User1139,+201693819512,Cairo,2022-09-07
1140,User1140,+201531381642,Alex,2021-04-06
1141,User1141,+201258859561,Alex,2020-10-17
1142,User1142,+201567243311,Cairo,2024-01-19
1143,User1143,+201339809925,Giza,2024-05-03
1144,User1144,+201924291998,Mansoura,2024-09-19
1145,User1145,+201392358645,Mansoura,2021-12-08
1146,User1146,+201818970742,Alex,2020-10-25
1147,User1147,+201017920106,Mansoura,2020-10-03
1148,User1148,+201014810579,Suez,2022-06-02
1149,User1149,+201042763764,Cairo,2024-06-18
1150,User1150,+201543968992,Suez,2025-08-14
1151,User1151,+201823678093,Alex,2024-09-30
1152,User1152,+201753563434,Alex,2020-12-03
1153,User1153,+201687771674,Mansoura,2021-09-17
1154,User1154,+201297928718,Cairo,2023-06-23
1155,User1155,+201084848753,Mansoura,2022-04-12
1156,User1156,+201867647911,Giza,2023-08-31
1157,User1157,+201419544755,Mansoura,2020-09-27
1158,User1158,+201333041955,Alex,2022-09-04
1159,User1159,+201062176039,Giza,2020-12-19
1160,User1160,+201992811491,Alex,2021-04-20
1161,User1161,+201486804311,Mansoura,2020-08-13
1162,User1162,+201332097676,Giza,2021-05-04
1163,User1163,+201013598909,Giza,2020-02-16
1164,User1164,+201175913951,Alex,2023-11-21
1165,User1165,+201561572729,Mansoura,2022-11-27
1166,User1166,+201179275105,Suez,2021-06-03
1167,User1167,+201805066256,Suez,2021-04-28
1168,User1168,+201828316966,Cairo,2023-10-04
1169,User1169,+201866625455,Alex,2023-01-19
1170,User1170,+201562484182,Cairo,2022-12-13
1171,User1171,+201764851260,Mansoura,2020-11-11
1172,User1172,+201532734398,Alex,2025-09-23
1173,User1173,+201386680089,Cairo,2025-08-08
1174,User1174,+201922730540,Mansoura,2021-11-14
1175,User1175,+201394801749,Giza,2022-11-10
1176,User1176,+201830355646,Cairo,2021-04-17
1177,User1177,+201245247378,Mansoura,2020-01-11
1178,User1178,+201047285340,Cairo,2022-09-28
1179,User1179,+201049372289,Alex,2024-01-30
1180,User1180,+201411221078,Giza,2022-01-03
1181,User1181,+201999825515,Cairo,2024-09-13
1182,User1182,+201241071485,Suez,2022-10-13
1183,User1183,+201446952114,Suez,2023-01-16
1184,User1184,+201886907524,Cairo,2024-03-07
1185,User1185,+201128205773,Mansoura,2020-08-03
1186,User1186,+201192569534,Giza,2025-10-13
1187,User1187,+201049315449,Alex,2020-10-09
1188,User1188,+201941662173,Alex,2023-03-02
1189,User1189,+201830568802,Suez,2023-09-02
1190,User1190,+201092755745,Mansoura,2025-02-13
1191,User1191,+201008556837,Suez,2022-04-01
1192,User1192,+201313097844,Mansoura,2023-05-29
1193,User1193,+201794113665,Mansoura,2022-09-20
1194,User1194,+201498137488,Suez,2025-07-13
1195,User1195,+201829587172,Giza,2022-10-01
1196,User1196,+201161669421,Cairo,2024-08-06
1197,User1197,+201025673445,Giza,2023-11-19
1198,User1198,+201682837348,Cairo,2023-10-04
1199,User1199,+201001569849,Alex,2023-06-13
1200,User1200,+201111614410,Giza,2025-12-10
1201,User1201,+201255730504,Alex,2025-07-08
1202,User1202,+201064311845,Giza,2023-02-20
1203,User1203,+201099886596,Cairo,2022-08-06
1204,User1204,+201963455083,Mansoura,2024-08-18
1205,User1205,+201752528635,Suez,2025-02-20
1206,User1206,+201803050869,Cairo,2021-01-26
1207,User1207,+201542698931,Giza,2024-06-03
1208,User1208,+201080348617,Mansoura,2020-09-12
1209,User1209,+201467059305,Giza,2022-08-27
1210,User1210,+201313184748,Suez,2023-07-14
1211,User1211,+201994329973,Alex,2023-08-29
1212,User1212,+201341511874,Alex,2023-01-18
1213,User1213,+201250838144,Cairo,2022-04-10
1214,User1214,+201146148980,Mansoura,2021-03-22
1215,User1215,+201166870811,Cairo,2021-11-04
1216,User1216,+201482718617,Alex,2023-07-10
1217,User1217,+201436489528,Cairo,2024-01-07
1218,User1218,+201827142786,Giza,2025-01-25
1219,User1219,+201331042889,Alex,2022-12-21
1220,User1220,+201915345778,Cairo,2021-01-05
1221,User1221,+201169238221,Suez,2020-06-14
1222,User1222,+201230876810,Suez,2021-08-30
1223,User1223,+201097939109,Giza,2023-12-28
1224,User1224,+201425464250,Mansoura,2020-07-19
1225,User1225,+201727120114,Suez,2022-12-01
1226,User1226,+201880564513,Giza,2020-05-07
1227,User1227,+201434212844,Alex,2022-10-20
1228,User1228,+201101710492,Alex,2021-02-21
1229,User1229,+201863177562,Giza,2021-05-12
1230,User1230,+201012838650,Cairo,2022-06-29
1231,User1231,+201140354421,Giza,2024-06-28
1232,User1232,+201399689381,Cairo,2022-11-26
1233,User1233,+201985081432,Cairo,2020-03-30
1234,User1234,+201069226321,Giza,2024-12-21
1235,User1235,+201868977829,Giza,2021-01-11
1236,User1236,+201971820065,Suez,2021-05-16
1237,User1237,+201045844821,Alex,2020-07-26
1238,User1238,+201180377032,Mansoura,2024-11-09
1239,User1239,+201882277976,Alex,2025-07-25
1240,User1240,+201031656371,Alex,2024-10-13
1241,User1241,+201185550328,Suez,2022-05-29
1242,User1242,+201975284228,Giza,2023-01-31
1243,User1243,+201300491536,Alex,2021-08-31
1244,User1244,+201037204552,Mansoura,2022-10-03
1245,User1245,+201695009888,Suez,2025-08-05
1246,User1246,+201442373256,Mansoura,2025-05-16
1247,User1247,+201065475776,Cairo,2023-02-19
1248,User1248,+201411259527,Giza,2024-09-13
1249,User1249,+201214166184,Mansoura,2022-10-17
1250,User1250,+201677267364,Mansoura,2020-03-20
1251,User1251,+201410704185,Suez,2025-05-18
1252,User1252,+201584671539,Alex,2023-11-10
1253,User1253,+201979979482,Mansoura,2025-08-19
1254,User1254,+201345320116,Alex,2023-01-12
1255,User1255,+201193075824,Cairo,2023-07-30
1256,User1256,+201641148802,Giza,2020-04-30
1257,User1257,+201961820109,Suez,2020-08-27
1258,User1258,+201868285490,Alex,2025-12-08
1259,User1259,+201383790644,Mansoura,2022-08-11
1260,User1260,+201171395839,Cairo,2022-10-12
1261,User1261,+201705302800,Giza,2022-12-27
1262,User1262,+201573044801,Cairo,2022-06-17
1263,User1263,+201618144695,Alex,2023-12-24
1264,User1264,+201901108031,Giza,2021-12-22
1265,User1265,+201253994846,Mansoura,2023-07-26
1266,User1266,+201865661638,Suez,2020-04-25
1267,User1267,+201755326778,Suez,2021-08-05
1268,User1268,+201604633564,Giza,2025-07-09
1269,User1269,+201582101860,Suez,2021-12-20
1270,User1270,+201526602103,Cairo,2021-01-04
1271,User1271,+201060309911,Giza,2022-06-15
1272,User1272,+201021397518,Mansoura,2025-05-11
1273,User1273,+201000733897,Suez,2022-04-05
1274,User1274,+201865914172,Giza,2023-10-27
1275,User1275,+201769805921,Giza,2023-08-18
1276,User1276,+201063947730,Cairo,2021-08-28
1277,User1277,+201629866807,Giza,2021-03-30
1278,User1278,+201908901933,Mansoura,2024-02-03
1279,User1279,+201077880216,Suez,2024-06-08
1280,User1280,+201629230605,Cairo,2023-10-10
1281,User1281,+201324017866,Suez,2021-07-12
1282,User1282,+201169118504,Alex,2025-06-18
1283,User1283,+201697052007,Suez,2021-12-14
1284,User1284,+201759331874,Mansoura,2024-01-01
1285,User1285,+201239699130,Mansoura,2021-12-19
1286,User1286,+201406286844,Suez,2023-04-21
1287,User1287,+201136739271,Giza,2020-01-08
1288,User1288,+201753775825,Mansoura,2024-05-22
1289,User1289,+201913493328,Mansoura,2020-05-12
1290,User1290,+201195508799,Mansoura,2023-07-27
1291,User1291,+201988957253,Mansoura,2022-06-23
1292,User1292,+201686815488,Mansoura,2021-03-02
1293,User1293,+201532774653,Giza,2023-09-18
1294,User1294,+201800306310,Cairo,2022-09-01
1295,User1295,+201372384530,Suez,2021-11-18
1296,User1296,+201683100341,Cairo,2023-10-07
1297,User1297,+201479565240,Cairo,2022-12-22
1298,User1298,+201225146786,Giza,2020-10-04
1299,User1299,+201376326283,Suez,2021-03-18
1300,User1300,+201773538202,Cairo,2020-07-16
1301,User1301,+201414396801,Alex,2024-09-14
1302,User1302,+201178604541,Alex,2025-07-12
1303,User1303,+201946794035,Alex,2023-12-09
1304,User1304,+201586288768,Alex,2021-02-19
1305,User1305,+201889924715,Alex,2022-07-12
1306,User1306,+201174651099,Alex,2020-10-28
1307,User1307,+201858128631,Cairo,2023-04-22
1308,User1308,+201021558591,Suez,2022-12-05
1309,User1309,+201112447665,Cairo,2023-11-01
1310,User1310,+201182649071,Alex,2021-10-21
1311,User1311,+201785963005,Cairo,2021-01-16
1312,User1312,+201362871672,Mansoura,2025-05-31
1313,User1313,+201756456108,Cairo,2024-11-01
1314,User1314,+201701835431,Giza,2024-11-13
1315,User1315,+201168688902,Cairo,2021-02-18
1316,User1316,+201355510103,Giza,2022-02-17
1317,User1317,+201439460908,Mansoura,2022-12-22
1318,User1318,+201709311588,Suez,2023-05-03
1319,User1319,+201255065530,Cairo,2020-07-22
1320,User1320,+201421875543,Mansoura,2025-07-03
1321,User1321,+201164915937,Cairo,2024-01-17
1322,User1322,+201004096941,Alex,2020-12-24
1323,User1323,+201316270056,Mansoura,2025-05-21
1324,User1324,+201214399191,Cairo,2020-04-15
1325,User1325,+201222214072,Giza,2023-04-10
1326,User1326,+201087978213,Alex,2021-04-18
1327,User1327,+201331091936,Alex,2025-04-12
1328,User1328,+201525163699,Suez,2021-01-08
1329,User1329,+201689198776,Mansoura,2024-05-06
1330,User1330,+201198514700,Suez,2024-04-11
1331,User1331,+201396642020,Giza,2024-12-30
1332,User1332,+201047907058,Suez,2024-12-06
1333,User1333,+201499352182,Suez,2022-07-15
1334,User1334,+201898806471,Suez,2020-09-09
1335,User1335,+201162275325,Cairo,2020-12-17
1336,User1336,+201717411121,Suez,2024-08-22
1337,User1337,+201812239392,Mansoura,2022-07-20
1338,User1338,+201594425527,Cairo,2024-05-04
1339,User1339,+201878755907,Mansoura,2024-09-10
1340,User1340,+201575004218,Alex,2022-08-23
1341,User1341,+201511382735,Suez,2020-11-19
1342,User1342,+201423917958,Cairo,2025-08-18
1343,User1343,+201613342728,Mansoura,2021-08-26
1344,User1344,+201129151674,Alex,2021-12-09
1345,User1345,+201179491823,Giza,2022-02-28
1346,User1346,+201135491190,Cairo,2024-09-30
1347,User1347,+201084147554,Alex,2022-04-07
1348,User1348,+201883221403,Giza,2022-11-22
1349,User1349,+201343328397,Cairo,2020-12-22
1350,User1350,+201416718295,Mansoura,2024-06-15
1351,User1351,+201592763677,Suez,2023-02-05
1352,User1352,+201558010933,Alex,2020-02-20
1353,User1353,+201844552318,Mansoura,2025-11-10
1354,User1354,+201839328588,Alex,2021-04-05
1355,User1355,+201445004139,Giza,2021-08-30
1356,User1356,+201608375597,Mansoura,2021-02-14
1357,User1357,+201993134057,Cairo,2021-02-17
1358,User1358,+201843687944,Suez,2023-11-09
1359,User1359,+201942631035,Alex,2022-12-17
1360,User1360,+201411289794,Alex,2025-04-21
1361,User1361,+201040228456,Giza,2023-02-02
1362,User1362,+201432689999,Giza,2024-07-03
1363,User1363,+201041642429,Alex,2023-09-19
1364,User1364,+201741433502,Giza,2020-07-20
1365,User1365,+201800742774,Alex,2023-01-05
1366,User1366,+201963180090,Suez,2020-03-23
1367,User1367,+201362780939,Suez,2023-06-27
1368,User1368,+201301019924,Alex,2021-02-06
1369,User1369,+201932974300,Giza,2021-07-04
1370,User1370,+201322638422,Alex,2023-08-07
1371,User1371,+201289287503,Alex,2020-12-31
1372,User1372,+201201794412,Alex,2022-05-15
1373,User1373,+201980791007,Alex,2025-06-07
1374,User1374,+201815499713,Mansoura,2024-03-11
1375,User1375,+201881560713,Cairo,2025-10-11
1376,User1376,+201849856342,Giza,2020-09-25
1377,User1377,+201334065879,Mansoura,2024-07-10
1378,User1378,+201145652883,Mansoura,2020-04-28
1379,User1379,+201186549068,Giza,2022-04-02
1380,User1380,+201898696871,Cairo,2022-10-18
1381,User1381,+201035509761,Alex,2020-07-26
1382,User1382,+201985728359,Suez,2022-03-26
1383,User1383,+201294181098,Suez,2025-03-16
1384,User1384,+201542375317,Alex,2021-05-22
1385,User1385,+201731405402,Cairo,2022-09-17
1386,User1386,+201399933139,Alex,2025-01-01
1387,User1387,+201190679038,Alex,2023-12-03
1388,User1388,+201369634556,Giza,2022-11-25
1389,User1389,+201804190892,Cairo,2023-03-13
1390,User1390,+201029474736,Alex,2020-07-22
1391,User1391,+201174920492,Mansoura,2022-05-27
1392,User1392,+201920316134,Giza,2022-07-11
1393,User1393,+201727669728,Giza,2023-01-07
1394,User1394,+201699636574,Alex,2025-10-03
1395,User1395,+201021531054,Cairo,2025-04-25
1396,User1396,+201978732255,Giza,2021-12-10
1397,User1397,+201645471251,Cairo,2022-07-05
1398,User1398,+201271002172,Mansoura,2023-06-05
1399,User1399,+201765299271,Suez,2024-10-01
1400,User1400,+201961517523,Alex,2023-11-29
1401,User1401,+201492845370,Suez,2022-06-12
1402,User1402,+201501113183,Suez,2025-11-02
1403,User1403,+201885097007,Mansoura,2024-06-14
1404,User1404,+201627588309,Cairo,2020-01-31
1405,User1405,+201549233665,Suez,2023-03-03
1406,User1406,+201320486085,Cairo,2025-05-27
1407,User1407,+201068544512,Suez,2023-02-06
1408,User1408,+201687833374,Suez,2023-02-08
1409,User1409,+201280404354,Suez,2022-02-10
1410,User1410,+201160985353,Mansoura,2022-09-11
1411,User1411,+201966031608,Cairo,2024-07-13
1412,User1412,+201709239039,Suez,2021-07-27
1413,User1413,+201774471936,Cairo,2025-07-30
1414,User1414,+201317403063,Suez,2024-09-10
1415,User1415,+201434434754,Alex,2020-05-24
1416,User1416,+201626016935,Mansoura,2022-02-16
1417,User1417,+201368472812,Giza,2025-12-29
1418,User1418,+201685383997,Alex,2024-01-08
1419,User1419,+201544725181,Suez,2021-11-27
1420,User1420,+201902628927,Mansoura,2022-01-11
1421,User1421,+201315448230,Cairo,2025-04-12
1422,User1422,+201137378973,Suez,2022-01-19
1423,User1423,+201729835592,Suez,2020-12-31
1424,User1424,+201238642889,Suez,2022-07-03
1425,User1425,+201799089320,Suez,2024-09-18
1426,User1426,+201846205663,Suez,2024-03-02
1427,User1427,+201279773344,Mansoura,2023-04-19
1428,User1428,+201497959181,Cairo,2025-04-11
1429,User1429,+201057635190,Mansoura,2020-10-18
1430,User1430,+201507042021,Giza,2025-08-11
1431,User1431,+201128651382,Alex,2025-12-10
1432,User1432,+201320357050,Alex,2020-08-09
1433,User1433,+201935067146,Giza,2021-07-16
1434,User1434,+201215066828,Suez,2024-08-03
1435,User1435,+201611392447,Alex,2021-08-09
1436,User1436,+201339714150,Giza,2020-11-27
1437,User1437,+201523535947,Suez,2021-12-25
1438,User1438,+201336525794,Cairo,2020-01-20
1439,User1439,+201485388459,Suez,2022-05-07
1440,User1440,+201817325063,Giza,2021-10-10
1441,User1441,+201525679392,Cairo,2021-06-14
1442,User1442,+201659792599,Alex,2024-10-24
1443,User1443,+201433140455,Alex,2025-05-09
1444,User1444,+201411582876,Cairo,2020-06-03
1445,User1445,+201573144707,Giza,2024-03-08
1446,User1446,+201015115189,Suez,2025-12-15
1447,User1447,+201204630191,Cairo,2020-01-17
1448,User1448,+201672899961,Giza,2022-07-15
1449,User1449,+201744666527,Suez,2023-07-02
1450,User1450,+201138438399,Cairo,2024-04-20
1451,User1451,+201540453426,Mansoura,2023-06-07
1452,User1452,+201179336562,Cairo,2020-07-06
1453,User1453,+201320192227,Suez,2025-02-10
1454,User1454,+201781503560,Mansoura,2025-11-16
1455,User1455,+201362747729,Alex,2021-07-02
1456,User1456,+201368006578,Alex,2024-01-11
1457,User1457,+201805430477,Giza,2021-11-06
1458,User1458,+201973770270,Alex,2020-03-19
1459,User1459,+201245262270,Giza,2021-06-21
1460,User1460,+201226763783,Cairo,2025-08-28
1461,User1461,+201181445989,Cairo,2024-02-10
1462,User1462,+201763548641,Cairo,2024-03-16
1463,User1463,+201941182097,Suez,2025-12-30
1464,User1464,+201669085879,Cairo,2020-07-15
1465,User1465,+201710784787,Cairo,2020-03-21
1466,User1466,+201051791998,Cairo,2024-09-03
1467,User1467,+201477078832,Alex,2021-05-21
1468,User1468,+201587639985,Suez,2025-04-27
1469,User1469,+201753625262,Giza,2022-04-21
1470,User1470,+201746456758,Cairo,2023-05-18
1471,User1471,+201451907286,Cairo,2025-11-01
1472,User1472,+201289885759,Mansoura,2021-07-15
1473,User1473,+201449710722,Cairo,2025-09-26
1474,User1474,+201771769353,Mansoura,2021-04-27
1475,User1475,+201303554082,Cairo,2021-03-11
1476,User1476,+201534443249,Giza,2022-03-29
1477,User1477,+201835327024,Suez,2025-11-12
1478,User1478,+201216544937,Suez,2024-08-05
1479,User1479,+201317130941,Giza,2020-06-10
1480,User1480,+201588559516,Alex,2022-04-30
1481,User1481,+201738953322,Alex,2023-09-16
1482,User1482,+201251798116,Cairo,2020-02-22
1483,User1483,+201721160591,Cairo,2021-03-28
1484,User1484,+201896823706,Mansoura,2025-07-16
1485,User1485,+201160142678,Cairo,2025-09-26
1486,User1486,+201080582403,Cairo,2022-11-14
1487,User1487,+201691851361,Giza,2025-02-13
1488,User1488,+201317851397,Suez,2025-03-16
1489,User1489,+201053773200,Cairo,2021-12-16
1490,User1490,+201938601161,Cairo,2023-04-05
1491,User1491,+201386777550,Suez,2024-10-10
1492,User1492,+201793001503,Cairo,2021-01-24
1493,User1493,+201914018323,Cairo,2020-02-09
1494,User1494,+201914826667,Giza,2021-11-29
1495,User1495,+201352896879,Suez,2024-11-27
1496,User1496,+201667660223,Suez,2021-01-15
1497,User1497,+201400099988,Suez,2022-01-19
1498,User1498,+201122226183,Alex,2024-06-27
1499,User1499,+201490204687,Suez,2024-04-28
1500,User1500,+201740777094,Alex,2024-09-23
1501,User1501,+201696693603,Giza,2021-04-08
1502,User1502,+201142283221,Cairo,2021-10-14
1503,User1503,+201111361103,Alex,2025-05-31
1504,User1504,+201861425250,Mansoura,2024-11-29
1505,User1505,+201194627041,Mansoura,2024-04-04
1506,User1506,+201836621291,Suez,2020-04-28
1507,User1507,+201926183684,Giza,2025-06-01
1508,User1508,+201988269810,Alex,2021-04-07
1509,User1509,+201953046726,Alex,2024-12-10
1510,User1510,+201049362414,Cairo,2022-12-07
1511,User1511,+201703272515,Suez,2020-02-20
1512,User1512,+201756524312,Mansoura,2022-07-06
1513,User1513,+201719239897,Suez,2025-10-27
1514,User1514,+201561677752,Mansoura,2021-01-25
1515,User1515,+201464766900,Giza,2025-05-27
1516,User1516,+201371245687,Alex,2021-08-31
1517,User1517,+201900904843,Mansoura,2020-08-11
1518,User1518,+201012503578,Giza,2025-09-01
1519,User1519,+201911440994,Alex,2025-07-23
1520,User1520,+201933527930,Giza,2020-11-02
1521,User1521,+201806841821,Alex,2023-08-06
1522,User1522,+201258655621,Suez,2023-02-13
1523,User1523,+201054063666,Mansoura,2022-07-01
1524,User1524,+201591090113,Alex,2024-07-09
1525,User1525,+201877357994,Giza,2020-11-18
1526,User1526,+201492949064,Alex,2025-01-09
1527,User1527,+201094510603,Alex,2025-01-05
1528,User1528,+201339368482,Cairo,2025-07-30
1529,User1529,+201800194244,Cairo,2021-02-24
1530,User1530,+201433190034,Alex,2020-05-26
1531,User1531,+201598214865,Mansoura,2020-01-01
1532,User1532,+201886812783,Cairo,2023-06-01
1533,User1533,+201955749296,Mansoura,2022-04-27
1534,User1534,+201702867083,Alex,2023-10-28
1535,User1535,+201390136011,Cairo,2022-07-02
1536,User1536,+201906578948,Alex,2023-09-21
1537,User1537,+201601457391,Mansoura,2025-04-21
1538,User1538,+201769505738,Suez,2025-01-27
1539,User1539,+201122431652,Cairo,2022-06-27
1540,User1540,+201002358958,Suez,2023-12-25
1541,User1541,+201891081037,Suez,2025-11-08
1542,User1542,+201401461715,Cairo,2020-07-06
1543,User1543,+201963014479,Giza,2025-07-09
1544,User1544,+201150806165,Alex,2021-03-14
1545,User1545,+201273041065,Mansoura,2022-03-13
1546,User1546,+201201373196,Cairo,2024-05-28
1547,User1547,+201231487470,Alex,2022-02-19
1548,User1548,+201769645166,Suez,2021-03-17
1549,User1549,+201812982916,Alex,2020-07-09
1550,User1550,+201994957657,Mansoura,2021-05-19
1551,User1551,+201829084565,Alex,2025-02-16
1552,User1552,+201707012492,Mansoura,2025-08-27
1553,User1553,+201144564312,Alex,2020-01-18
1554,User1554,+201569474377,Cairo,2024-11-07
1555,User1555,+201900671940,Mansoura,2025-06-01
1556,User1556,+201992535669,Mansoura,2021-12-26
1557,User1557,+201742833609,Mansoura,2021-12-12
1558,User1558,+201784362665,Giza,2021-02-28
1559,User1559,+201415973568,Mansoura,2023-08-11
1560,User1560,+201541284117,Alex,2024-09-10
1561,User1561,+201653901994,Giza,2023-01-25
1562,User1562,+201427209652,Suez,2023-04-19
1563,User1563,+201486239368,Giza,2021-07-19
1564,User1564,+201443182078,Mansoura,2025-09-29
1565,User1565,+201320955532,Mansoura,2023-07-09
1566,User1566,+201764369269,Mansoura,2022-06-09
1567,User1567,+201215703009,Giza,2023-04-05
1568,User1568,+201737243267,Suez,2021-06-27
1569,User1569,+201762782374,Giza,2025-08-25
1570,User1570,+201582495784,Suez,2021-04-17
1571,User1571,+201816875967,Suez,2025-05-21
1572,User1572,+201625783470,Mansoura,2024-09-05
1573,User1573,+201723963430,Mansoura,2023-03-17
1574,User1574,+201942184000,Alex,2020-02-22
1575,User1575,+201561277051,Cairo,2020-04-13
1576,User1576,+201408956386,Giza,2020-08-05
1577,User1577,+201719679947,Cairo,2022-03-29
1578,User1578,+201286665729,Giza,2023-03-19
1579,User1579,+201733784779,Suez,2021-08-22
1580,User1580,+201901279360,Cairo,2023-04-23
1581,User1581,+201219044298,Mansoura,2020-05-12
1582,User1582,+201385132332,Alex,2021-02-23
1583,User1583,+201661541819,Mansoura,2022-07-07
1584,User1584,+201797159606,Mansoura,2024-05-11
1585,User1585,+201255116198,Mansoura,2023-03-24
1586,User1586,+201744034445,Cairo,2024-04-11
1587,User1587,+201416133637,Alex,2023-07-04
1588,User1588,+201592839277,Cairo,2020-02-23
1589,User1589,+201798509546,Suez,2022-04-11
1590,User1590,+201666323040,Alex,2022-07-12
1591,User1591,+201978701040,Suez,2022-03-15
1592,User1592,+201833381221,Giza,2023-04-19
1593,User1593,+201481911354,Giza,2020-11-01
1594,User1594,+201200764570,Giza,2025-10-05
1595,User1595,+201128155179,Alex,2020-06-15
1596,User1596,+201460106760,Suez,2022-12-18
1597,User1597,+201139657875,Giza,2022-11-10
1598,User1598,+201006061417,Suez,2025-03-25
1599,User1599,+201762023079,Giza,2020-06-12
1600,User1600,+201165037749,Suez,2020-07-27
1601,User1601,+201830712117,Mansoura,2023-05-18
1602,User1602,+201526725060,Mansoura,2024-01-06
1603,User1603,+201078255153,Suez,2025-11-22
1604,User1604,+201236182414,Giza,2025-11-02
1605,User1605,+201073203925,Mansoura,2021-10-14
1606,User1606,+201446602768,Mansoura,2024-07-10
1607,User1607,+201098725784,Suez,2022-06-25
1608,User1608,+201948540027,Giza,2023-09-21
1609,User1609,+201355479984,Suez,2023-04-17
1610,User1610,+201234553833,Mansoura,2025-12-12
1611,User1611,+201509874021,Mansoura,2020-02-06
1612,User1612,+201123181755,Suez,2024-12-30
1613,User1613,+201258071565,Mansoura,2022-09-25
1614,User1614,+201042817871,Suez,2024-04-11
1615,User1615,+201983474952,Cairo,2024-04-29
1616,User1616,+201275512010,Mansoura,2023-03-04
1617,User1617,+201026527569,Mansoura,2024-03-15
1618,User1618,+201552235149,Mansoura,2024-12-30
1619,User1619,+201522702576,Cairo,2023-04-29
1620,User1620,+201964522532,Giza,2023-08-05
1621,User1621,+201551790232,Cairo,2021-01-28
1622,User1622,+201179738803,Mansoura,2025-12-24
1623,User1623,+201007871158,Cairo,2022-05-13
1624,User1624,+201719766863,Giza,2024-10-03
1625,User1625,+201897288545,Cairo,2022-04-22
1626,User1626,+201577409188,Alex,2020-10-22
1627,User1627,+201801967913,Giza,2020-04-07
1628,User1628,+201493089342,Suez,2020-06-04
1629,User1629,+201093974854,Cairo,2020-08-10
1630,User1630,+201191117627,Suez,2020-10-15
1631,User1631,+201617361056,Giza,2022-11-25
1632,User1632,+201437692362,Alex,2025-01-21
1633,User1633,+201676690635,Alex,2024-11-08
1634,User1634,+201339736473,Cairo,2024-05-14
1635,User1635,+201722949013,Cairo,2025-12-30
1636,User1636,+201006333920,Mansoura,2020-09-16
1637,User1637,+201811706504,Mansoura,2020-07-05
1638,User1638,+201752566344,Cairo,2024-01-05
1639,User1639,+201996483682,Mansoura,2021-03-10
1640,User1640,+201311209672,Suez,2020-12-20
1641,User1641,+201302277050,Alex,2024-04-11
1642,User1642,+201424249629,Cairo,2025-04-25
1643,User1643,+201167851051,Mansoura,2022-06-19
1644,User1644,+201146438473,Alex,2023-04-23
1645,User1645,+201680801356,Giza,2023-05-05
1646,User1646,+201727233573,Suez,2020-02-15
1647,User1647,+201594342064,Mansoura,2021-08-02
1648,User1648,+201132322744,Cairo,2020-01-21
1649,User1649,+201614951911,Mansoura,2024-06-02
1650,User1650,+201576762622,Mansoura,2020-12-14
1651,User1651,+201327159637,Giza,2023-11-09
1652,User1652,+201227350811,Alex,2025-09-30
1653,User1653,+201152960017,Giza,2022-01-23
1654,User1654,+201237069279,Mansoura,2022-11-01
1655,User1655,+201208656189,Cairo,2022-01-12
1656,User1656,+201720457041,Mansoura,2020-08-10
1657,User1657,+201914170607,Mansoura,2025-03-04
1658,User1658,+201692213989,Mansoura,2020-10-26
1659,User1659,+201312085927,Cairo,2022-10-23
1660,User1660,+201105444031,Giza,2025-06-18
1661,User1661,+201355248480,Suez,2021-06-09
1662,User1662,+201720798124,Giza,2021-02-13
1663,User1663,+201306163675,Mansoura,2020-10-12
1664,User1664,+201966494980,Giza,2023-07-25
1665,User1665,+201521689527,Alex,2023-09-06
1666,User1666,+201661792646,Suez,2021-09-16
1667,User1667,+201607256840,Mansoura,2024-02-01
1668,User1668,+201867261018,Suez,2024-10-20
1669,User1669,+201181075299,Cairo,2023-07-06
1670,User1670,+201264328543,Giza,2024-11-21
1671,User1671,+201297082704,Suez,2021-07-04
1672,User1672,+201729693657,Suez,2025-05-19
1673,User1673,+201496979657,Alex,2024-01-09
1674,User1674,+201831899691,Suez,2025-06-17
1675,User1675,+201592353117,Cairo,2021-12-20
1676,User1676,+201693155758,Mansoura,2020-12-01
1677,User1677,+201903868346,Suez,2021-07-27
1678,User1678,+201957022906,Mansoura,2022-03-15
1679,User1679,+201282646055,Cairo,2020-11-04
1680,User1680,+201957890648,Cairo,2025-09-08
1681,User1681,+201678203785,Cairo,2024-07-17
1682,User1682,+201825922483,Mansoura,2022-05-21
1683,User1683,+201973136058,Cairo,2022-12-03
1684,User1684,+201583545743,Mansoura,2025-04-17
1685,User1685,+201702128517,Giza,2024-02-07
1686,User1686,+201421441892,Giza,2023-04-06
1687,User1687,+201143753906,Alex,2025-08-14
1688,User1688,+201548050705,Cairo,2024-06-13
1689,User1689,+201390697670,Mansoura,2020-02-13
1690,User1690,+201711545609,Giza,2021-11-10
1691,User1691,+201813043828,Mansoura,2021-07-28
1692,User1692,+201479125557,Giza,2022-01-03
1693,User1693,+201608121468,Mansoura,2021-08-21
1694,User1694,+201790187877,Alex,2024-01-09
1695,User1695,+201043400463,Giza,2025-06-20
1696,User1696,+201248839570,Cairo,2022-12-18
1697,User1697,+201396678008,Giza,2020-06-24
1698,User1698,+201717888322,Giza,2025-10-22
1699,User1699,+201974663468,Suez,2024-05-08
1700,User1700,+201504308858,Alex,2020-07-09
1701,User1701,+201042847338,Suez,2021-02-26
1702,User1702,+201755631043,Mansoura,2023-01-25
1703,User1703,+201896437267,Suez,2021-12-13
1704,User1704,+201404435133,Alex,2024-02-05
1705,User1705,+201631015334,Cairo,2025-10-17
1706,User1706,+201270138852,Alex,2022-07-01
1707,User1707,+201554449982,Alex,2023-12-16
1708,User1708,+201877501292,Suez,2025-06-17
1709,User1709,+201851109462,Alex,2020-01-28
1710,User1710,+201538843355,Giza,2024-12-06
1711,User1711,+201177817899,Giza,2020-11-11
1712,User1712,+201552484481,Suez,2022-05-16
1713,User1713,+201161319410,Giza,2021-10-06
1714,User1714,+201388933925,Mansoura,2021-04-29
1715,User1715,+201709861078,Giza,2024-08-25
1716,User1716,+201870989978,Suez,2021-04-09
1717,User1717,+201517024564,Alex,2025-05-16
1718,User1718,+201226241647,Mansoura,2021-10-22
1719,User1719,+201694989306,Alex,2020-04-01
1720,User1720,+201261639001,Cairo,2021-06-07
1721,User1721,+201615776454,Mansoura,2021-10-21
1722,User1722,+201144658840,Mansoura,2020-06-09
1723,User1723,+201956486713,Mansoura,2021-08-24
1724,User1724,+201060035062,Giza,2022-11-23
1725,User1725,+201990469789,Giza,2025-10-17
1726,User1726,+201435355406,Mansoura,2020-03-17
1727,User1727,+201943291833,Suez,2020-12-17
1728,User1728,+201232565413,Alex,2025-04-14
1729,User1729,+201931258860,Alex,2021-11-29
1730,User1730,+201235540097,Alex,2021-08-07
1731,User1731,+201853212504,Mansoura,2022-01-14
1732,User1732,+201669168506,Mansoura,2022-12-19
1733,User1733,+201180089806,Suez,2025-01-31
1734,User1734,+201640522822,Mansoura,2020-10-08
1735,User1735,+201246760672,Alex,2024-04-27
1736,User1736,+201141962842,Cairo,2020-03-08
1737,User1737,+201217270101,Mansoura,2025-08-27
1738,User1738,+201734834366,Alex,2021-09-04
1739,User1739,+201650162509,Cairo,2021-12-27
1740,User1740,+201510960640,Mansoura,2020-06-08
1741,User1741,+201942479718,Mansoura,2025-08-23
1742,User1742,+201807865263,Cairo,2021-01-16
1743,User1743,+201517802256,Giza,2020-01-05
1744,User1744,+201963113072,Alex,2025-11-08
1745,User1745,+201451706031,Suez,2020-06-26
1746,User1746,+201749088260,Mansoura,2024-10-23
1747,User1747,+201246408985,Alex,2024-04-10
1748,User1748,+201376365632,Mansoura,2021-02-04
1749,User1749,+201456865760,Giza,2022-11-08
1750,User1750,+201512326496,Giza,2020-12-09
1751,User1751,+201304155269,Mansoura,2024-07-31
1752,User1752,+201276815988,Giza,2020-01-23
1753,User1753,+201761442766,Cairo,2025-11-10
1754,User1754,+201126517500,Mansoura,2020-01-30
1755,User1755,+201402685267,Giza,2023-07-17
1756,User1756,+201438994061,Suez,2021-03-12
1757,User1757,+201166192234,Alex,2022-11-04
1758,User1758,+201280571840,Mansoura,2024-09-30
1759,User1759,+201606310053,Suez,2023-02-02
1760,User1760,+201730794809,Alex,2022-04-14
1761,User1761,+201443700355,Mansoura,2025-05-30
1762,User1762,+201191898710,Suez,2025-06-04
1763,User1763,+201272491666,Suez,2023-11-11
1764,User1764,+201831284997,Alex,2021-07-19
1765,User1765,+201918048097,Cairo,2022-07-30
1766,User1766,+201479527597,Giza,2021-02-14
1767,User1767,+201230272673,Mansoura,2024-06-28
1768,User1768,+201844048177,Suez,2020-08-01
1769,User1769,+201172591127,Alex,2020-01-22
1770,User1770,+201863685029,Cairo,2021-08-18
1771,User1771,+201506450366,Mansoura,2024-11-18
1772,User1772,+201094640346,Cairo,2022-12-13
1773,User1773,+201238123991,Suez,2020-11-23
1774,User1774,+201653939761,Cairo,2024-04-23
1775,User1775,+201999315397,Alex,2025-11-04
1776,User1776,+201307593997,Mansoura,2020-08-23
1777,User1777,+201830655747,Giza,2025-07-17
1778,User1778,+201471342650,Cairo,2022-04-06
1779,User1779,+201913290047,Mansoura,2023-03-17
1780,User1780,+201209107461,Cairo,2025-09-22
1781,User1781,+201553850668,Giza,2021-11-25
1782,User1782,+201723728171,Cairo,2024-01-13
1783,User1783,+201256899846,Cairo,2021-10-06
1784,User1784,+201093246752,Suez,2024-06-24
1785,User1785,+201379167941,Alex,2024-07-18
1786,User1786,+201629298787,Giza,2025-10-21
1787,User1787,+201016499677,Cairo,2021-01-04
1788,User1788,+201590120616,Suez,2023-11-26
1789,User1789,+201373098534,Suez,2022-07-15
1790,User1790,+201651077748,Giza,2025-02-05
1791,User1791,+201998272632,Alex,2020-01-20
1792,User1792,+201280362052,Giza,2024-07-25
1793,User1793,+201543569021,Cairo,2020-10-23
1794,User1794,+201540273782,Suez,2023-10-24
1795,User1795,+201125637455,Mansoura,2022-11-21
1796,User1796,+201940719223,Mansoura,2022-10-21
1797,User1797,+201745382835,Alex,2024-03-24
1798,User1798,+201604697685,Alex,2022-09-23
1799,User1799,+201813330750,Suez,2025-02-22
1800,User1800,+201731856709,Alex,2020-04-22
1801,User1801,+201517511527,Cairo,2022-11-22
1802,User1802,+201072535838,Alex,2022-06-21
1803,User1803,+201726829775,Giza,2023-07-17
1804,User1804,+201442839009,Suez,2025-10-16
1805,User1805,+201575151857,Cairo,2022-12-14
1806,User1806,+201266564581,Suez,2021-01-15
1807,User1807,+201428348505,Suez,2020-11-07
1808,User1808,+201595445137,Giza,2025-05-05
1809,User1809,+201337018334,Suez,2022-06-14
1810,User1810,+201960264762,Mansoura,2023-01-07
1811,User1811,+201196263306,Giza,2025-08-05
1812,User1812,+201791468251,Giza,2022-08-19
1813,User1813,+201789660946,Giza,2022-12-23
1814,User1814,+201222026871,Giza,2022-04-10
1815,User1815,+201896510519,Giza,2023-12-29
1816,User1816,+201167498965,Cairo,2021-05-06
1817,User1817,+201988044486,Cairo,2025-07-10
1818,User1818,+201659091699,Cairo,2020-06-22
1819,User1819,+201910544446,Alex,2024-02-29
1820,User1820,+201666436631,Suez,2025-07-09
1821,User1821,+201964350290,Mansoura,2023-01-30
1822,User1822,+201526998235,Giza,2025-09-24
1823,User1823,+201300933997,Alex,2022-06-28
1824,User1824,+201805488247,Mansoura,2021-06-09
1825,User1825,+201058141154,Mansoura,2024-09-29
1826,User1826,+201513592269,Mansoura,2020-05-13
1827,User1827,+201539528648,Suez,2024-05-31
1828,User1828,+201923847605,Giza,2025-02-15
1829,User1829,+201129244346,Mansoura,2025-02-27
1830,User1830,+201338927967,Cairo,2020-02-18
1831,User1831,+201723812653,Giza,2024-04-03
1832,User1832,+201623852830,Cairo,2023-08-25
1833,User1833,+201388267537,Mansoura,2022-11-29
1834,User1834,+201200953401,Mansoura,2022-12-12
1835,User1835,+201254626229,Suez,2025-04-14
1836,User1836,+201658293983,Suez,2024-02-07
1837,User1837,+201197475805,Alex,2024-10-02
1838,User1838,+201226057528,Alex,2024-03-04
1839,User1839,+201391999503,Alex,2023-02-19
1840,User1840,+201483966573,Giza,2021-06-21
1841,User1841,+201618360105,Giza,2021-02-13
1842,User1842,+201773969707,Suez,2022-08-23
1843,User1843,+201596291839,Alex,2024-04-09
1844,User1844,+201210521278,Giza,2021-09-04
1845,User1845,+201507865951,Cairo,2021-12-24
1846,User1846,+201452604373,Alex,2021-07-04
1847,User1847,+201959141798,Mansoura,2025-12-27
1848,User1848,+201773695765,Suez,2025-06-16
1849,User1849,+201322159250,Suez,2020-07-14
1850,User1850,+201427780790,Cairo,2021-10-31
1851,User1851,+201064463569,Giza,2022-11-07
1852,User1852,+201511680307,Cairo,2025-01-16
1853,User1853,+201799500884,Suez,2022-11-30
1854,User1854,+201387580021,Suez,2022-11-21
1855,User1855,+201369517811,Cairo,2024-08-13
1856,User1856,+201130177767,Suez,2022-03-25
1857,User1857,+201619392003,Mansoura,2021-12-15
1858,User1858,+201837850514,Suez,2023-12-25
1859,User1859,+201349063037,Mansoura,2025-06-19
1860,User1860,+201831875429,Alex,2020-11-17
1861,User1861,+201409171868,Mansoura,2023-03-19
1862,User1862,+201497950004,Giza,2021-11-17
1863,User1863,+201687818236,Suez,2024-09-23
1864,User1864,+201677824658,Mansoura,2024-07-15
1865,User1865,+201911500262,Cairo,2020-11-20
1866,User1866,+201173945628,Suez,2022-07-23
1867,User1867,+201336598800,Suez,2023-04-08
1868,User1868,+201762822145,Suez,2024-06-07
1869,User1869,+201291250425,Alex,2024-01-27
1870,User1870,+201803046674,Mansoura,2025-11-03
1871,User1871,+201483493761,Alex,2021-11-16
1872,User1872,+201197446299,Cairo,2021-05-27
1873,User1873,+201781439680,Giza,2022-10-27
1874,User1874,+201798730065,Cairo,2022-05-12
1875,User1875,+201179218750,Alex,2021-02-25
1876,User1876,+201102600029,Cairo,2025-04-22
1877,User1877,+201588876249,Cairo,2020-04-17
1878,User1878,+201827783767,Alex,2025-11-16
1879,User1879,+201821408597,Cairo,2021-03-01
1880,User1880,+201281805975,Mansoura,2021-09-28
1881,User1881,+201090528528,Alex,2023-06-21
1882,User1882,+201246269087,Giza,2023-03-09
1883,User1883,+201475839885,Giza,2021-06-21
1884,User1884,+201565585273,Giza,2020-04-27
1885,User1885,+201037747372,Suez,2023-08-25
1886,User1886,+201927971861,Alex,2025-03-28
1887,User1887,+201935119898,Mansoura,2023-01-20
1888,User1888,+201588996003,Alex,2021-07-07
1889,User1889,+201749066860,Mansoura,2021-12-26
1890,User1890,+201634399876,Mansoura,2025-02-13
1891,User1891,+201677582116,Mansoura,2024-11-16
1892,User1892,+201562060684,Mansoura,2023-06-22
1893,User1893,+201975948807,Suez,2025-05-26
1894,User1894,+201579464236,Giza,2021-01-01
1895,User1895,+201474443895,Suez,2024-02-07
1896,User1896,+201442600470,Suez,2021-09-29
1897,User1897,+201325958941,Cairo,2020-01-01
1898,User1898,+201561906534,Giza,2023-11-09
1899,User1899,+201307908620,Alex,2025-12-31
1900,User1900,+201008930425,Alex,2025-05-08
1901,User1901,+201321704344,Cairo,2024-10-29
1902,User1902,+201856808156,Suez,2022-08-05
1903,User1903,+201855522471,Cairo,2024-03-10
1904,User1904,+201202476546,Alex,2024-11-25
1905,User1905,+201423861817,Giza,2021-10-30
1906,User1906,+201767658814,Alex,2024-03-29
1907,User1907,+201236859315,Suez,2020-11-20
1908,User1908,+201453376084,Giza,2025-10-17
1909,User1909,+201820916739,Mansoura,2023-01-18
1910,User1910,+201305669440,Mansoura,2023-01-06
1911,User1911,+201443352165,Giza,2020-10-07
1912,User1912,+201195858216,Giza,2023-04-01
1913,User1913,+201118494225,Alex,2025-01-28
1914,User1914,+201292201792,Mansoura,2025-07-08
1915,User1915,+201201637382,Suez,2020-03-20
1916,User1916,+201163369074,Cairo,2025-12-31
1917,User1917,+201023762858,Giza,2021-02-22
1918,User1918,+201302918178,Suez,2021-05-27
1919,User1919,+201767935795,Alex,2020-02-03
1920,User1920,+201249978373,Cairo,2021-09-09
1921,User1921,+201015810687,Alex,2022-06-08
1922,User1922,+201367126134,Alex,2023-06-30
1923,User1923,+201843666157,Alex,2024-03-01
1924,User1924,+201497877404,Cairo,2023-09-14
1925,User1925,+201086138889,Giza,2020-08-17
1926,User1926,+201286156035,Alex,2020-10-19
1927,User1927,+201583247918,Alex,2022-01-13
1928,User1928,+201206364903,Suez,2024-04-11
1929,User1929,+201889328868,Cairo,2021-05-14
1930,User1930,+201824790131,Giza,2024-04-25
1931,User1931,+201828096889,Alex,2022-10-09
1932,User1932,+201792012381,Cairo,2022-03-26
1933,User1933,+201494817420,Cairo,2025-11-04
1934,User1934,+201715120513,Giza,2025-04-20
1935,User1935,+201417817593,Suez,2023-08-16
1936,User1936,+201170307732,Cairo,2025-11-03
1937,User1937,+201131148450,Suez,2025-05-25
1938,User1938,+201685605643,Suez,2022-03-24
1939,User1939,+201387005172,Cairo,2022-06-11
1940,User1940,+201121256011,Giza,2024-11-13
1941,User1941,+201348443704,Cairo,2021-11-16
1942,User1942,+201852970198,Suez,2021-05-05
1943,User1943,+201424995927,Giza,2020-02-06
1944,User1944,+201045090037,Mansoura,2025-04-30
1945,User1945,+201739170893,Mansoura,2021-09-26
1946,User1946,+201398786278,Cairo,2022-10-15
1947,User1947,+201169327426,Alex,2021-01-09
1948,User1948,+201736527450,Mansoura,2023-10-18
1949,User1949,+201999491270,Cairo,2020-09-01
1950,User1950,+201381734198,Giza,2021-03-15
1951,User1951,+201135106204,Alex,2022-08-11
1952,User1952,+201340096507,Mansoura,2023-11-23
1953,User1953,+201864926282,Alex,2022-03-01
1954,User1954,+201022927426,Alex,2024-01-07
1955,User1955,+201777817678,Giza,2022-10-23
1956,User1956,+201964932100,Cairo,2025-06-10
1957,User1957,+201758733870,Alex,2023-04-22
1958,User1958,+201582756272,Alex,2022-02-16
1959,User1959,+201608491359,Giza,2023-11-25
1960,User1960,+201347549695,Alex,2023-02-01
1961,User1961,+201931644806,Mansoura,2021-10-18
1962,User1962,+201073955669,Mansoura,2021-09-26
1963,User1963,+201482522615,Suez,2022-12-14
1964,User1964,+201581544961,Suez,2025-02-02
1965,User1965,+201000772905,Mansoura,2024-04-01
1966,User1966,+201787759003,Giza,2020-03-17
1967,User1967,+201665434962,Suez,2022-09-05
1968,User1968,+201344342661,Cairo,2024-05-06
1969,User1969,+201203870775,Mansoura,2025-07-30
1970,User1970,+201822200725,Mansoura,2021-09-23
1971,User1971,+201658245879,Suez,2023-08-14
1972,User1972,+201440024260,Suez,2021-03-28
1973,User1973,+201103354415,Mansoura,2020-09-30
1974,User1974,+201047005473,Giza,2022-01-01
1975,User1975,+201937905732,Cairo,2022-04-07
1976,User1976,+201114949614,Alex,2022-02-23
1977,User1977,+201106035856,Cairo,2024-05-10
1978,User1978,+201706437569,Alex,2025-11-23
1979,User1979,+201669983207,Mansoura,2022-11-14
1980,User1980,+201052705290,Suez,2022-06-23
1981,User1981,+201650637748,Cairo,2020-02-23
1982,User1982,+201998806492,Giza,2025-07-05
1983,User1983,+201996865898,Cairo,2025-04-01
1984,User1984,+201860088617,Cairo,2024-01-18
1985,User1985,+201599169292,Alex,2024-02-20
1986,User1986,+201852818991,Cairo,2022-12-24
1987,User1987,+201568031793,Cairo,2020-10-15
1988,User1988,+201895990847,Suez,2020-11-15
1989,User1989,+201231820924,Mansoura,2021-02-01
1990,User1990,+201108689641,Giza,2025-12-17
1991,User1991,+201413746107,Giza,2022-03-02
1992,User1992,+201564994379,Giza,2022-01-02
1993,User1993,+201599602642,Mansoura,2024-08-27
1994,User1994,+201801127771,Cairo,2024-01-06
1995,User1995,+201724230874,Alex,2024-10-15
1996,User1996,+201947925077,Cairo,2021-11-14
1997,User1997,+201850899166,Giza,2024-07-02
1998,User1998,+201541909751,Suez,2021-10-09
1999,User1999,+201573271266,Mansoura,2024-12-19
2000,User2000,+201378305093,Suez,2023-08-22
